Country,1995,1996,1997,1998,1999,2000,2001,2002,2003,2004,2005,2006,2007,2008,2009,2010,2011,2012,2013,2014,2015,2016,2017,2018,2019,2020,2021,2022
AFG,,,,,,,,,,,,,,,,,,,,,,,,,-1.311031179,-1.2509422,-1.100493221,-1.021851004
ALB,,,,,,,,,,,,,,0.132913092,0.479055053,0.424094535,0.188461141,-0.405872294,-0.342094919,-0.273330142,-0.377538769,-0.411854944,-0.492067853,-0.34667039,-0.476024325,-0.34186711,-0.20036604,-0.129856817
DZA,-1.027406327,-0.676360134,-0.854380442,-0.931655144,-1.407458595,-1.328223757,-1.28497037,-1.231996891,-1.298232434,-1.236033714,-1.251619541,-1.259978782,-1.264368131,-1.272207902,-1.470022963,-1.540616258,-1.366110671,-1.707862062,-1.494749341,-1.607333891,-1.378454974,-1.388207282,-1.203696016,-1.140228887,-1.260612009,-1.139482084,-0.977573479,-0.713225698
AGO,-2.251381016,-2.117236119,-2.494221357,-2.649440772,-2.535584616,-2.067433691,-1.879882855,-1.902034014,-1.961315958,-1.495332204,-1.888902129,-1.801113042,-1.749255342,-1.826679811,-1.421323106,-1.11809943,-0.894991116,-1.332217965,-1.169321331,-1.390759033,-1.339244924,-1.357646386,-1.381479669,-1.496398831,-1.387444617,-0.946191269,-0.905925889,-1.128464137
ARG,0.028468817,0.087701997,0.056010801,0.23372316,0.156936986,0.193807628,0.199473636,0.12050664,0.066231376,0.133040602,0.061385858,0.184096493,0.231091235,0.229466449,0.218743396,0.237511573,0.166830181,0.186774936,0.21021377,0.211348715,0.16084536,0.080847326,-0.014474278,-0.088892108,-0.167169247,-0.179215731,-0.182257679,-0.166350137
ARM,,,,,,,,,,,,,,,,,,,0.304988093,0.283161259,0.212855569,0.075522502,-0.092905721,-0.196418519,-0.300450852,-0.13190074,-0.107662314,0.124524312
AUS,0.406322985,0.455996015,0.401800528,0.436333125,0.511233985,0.362369712,0.219935448,0.104944435,0.102038609,0.043532088,0.032997227,-0.029588191,-0.042935795,-0.0945008,-0.214713545,-0.337641971,-0.414839854,-0.252835544,-0.36556662,-0.375459253,-0.506879056,-0.456613124,-0.418246377,-0.467265881,-0.50030207,-0.518015464,-0.5086483,-0.495377089
AUT,1.708143438,1.695101132,1.692484177,1.607127651,1.572522439,1.590183251,1.626001498,1.673439565,1.651710802,1.696846947,1.641605757,1.637991363,1.567953109,1.525017502,1.533797175,1.562083772,1.601137243,1.586735984,1.546002181,1.57799726,1.579151502,1.569151481,1.6172878,1.56386492,1.634041461,1.600527133,1.583516271,1.564520913
AZE,,,,,,,-0.270568844,-0.428267654,-0.541689758,-0.552318128,-0.617632175,-0.711164795,-0.65795343,-1.179247277,-1.204787602,-1.22980135,-0.802640832,-1.044482663,-0.950010528,-0.959623175,-0.752015683,-0.791670029,-0.782359089,-0.877402175,-1.015572175,-0.875388367,-0.660878203,-0.74200455
BGD,-1.423879626,-1.339100676,-1.304705666,-1.154870114,-1.380586721,-1.214584779,-1.212393759,-1.172686265,-1.213176221,-1.231870257,-1.026031124,-1.05456879,-0.785752833,-0.693465121,-0.737199226,-0.915346199,-0.960656611,-1.021701813,-0.885868762,-0.797106445,-0.816760668,-0.831930927,-0.961251873,-0.760372656,-0.768187724,-0.763682598,-0.700130486,-0.45354499
BLR,,0.484067773,0.403831796,0.732106689,0.595356435,0.569378894,0.538896849,0.622311692,0.731424137,0.818070037,0.826301649,0.806064217,0.884405993,0.84744497,0.839380861,0.850464832,0.90783419,0.835666545,0.84306207,0.812463812,0.83974576,0.729921475,0.710670665,0.78731805,0.789766039,0.826453369,0.806433421,0.781596588
BEL,,,,,1.252676757,1.229871107,1.296777053,1.299288033,1.223415818,1.211076431,1.120757433,1.067786707,1.112822531,1.067577493,1.093098396,1.147570669,1.163272573,1.196331006,1.248117699,1.227460243,1.258217549,1.23265842,1.226867519,1.19191889,1.195724103,1.144901211,1.169395553,1.059905855
BEN,,,,,,,,,,,,,,,,,,,,,,,,,,,-0.670367985,-0.570817337
BOL,,,,,,-0.556758105,-0.544378203,-0.856223042,-0.886024871,-0.850937728,-1.098942801,-0.917791471,-0.842520129,-0.630965149,-0.708234467,-0.80991707,-0.964727785,-0.590578629,-0.650344442,-0.644202211,-0.983883761,-1.045737004,-1.09609862,-1.114977426,-1.039275467,-1.051205168,-1.082751947,-0.985813093
BIH,,,,,,,,,,,0.348159985,0.243741268,0.357466275,0.400776249,0.420948568,0.361819879,0.409045702,0.3547021,0.357660335,0.387678245,0.359943625,0.444772564,0.359146979,0.427270287,0.49996831,0.548048638,0.582510043,0.565818414
BWA,,,,,,,-0.541338287,-0.546464156,-0.499772634,-0.682810054,-0.904873634,-1.071588405,-0.925121928,-0.869921529,-0.561229256,-0.403757669,-0.491699615,-0.569059078,-0.358634491,-0.386620971,-0.545387302,-0.741980299,-0.592977181,-0.740851164,-0.629836844,-0.724742684,-0.808727367,-0.62687655
BRA,0.532028656,0.550158722,0.566948754,0.644075231,0.649410188,0.665912914,0.615446423,0.548579972,0.602264063,0.608346143,0.541396952,0.589676462,0.654423865,0.564159449,0.501997713,0.493362598,0.397346278,0.5369017,0.45645186,0.469620962,0.443785905,0.34674171,0.363287366,0.358565693,0.320436092,0.216424322,0.108263894,0.095466164
BGR,0.146327046,0.147953519,0.144129261,0.284443108,0.169846527,0.166866331,0.201414507,0.228102666,0.169514473,0.22186073,0.218191676,0.251665221,0.388139674,0.425139778,0.382044537,0.423510801,0.438072623,0.460561127,0.582125572,0.590001095,0.588464456,0.549483172,0.499166481,0.532553776,0.524084899,0.521563152,0.594236113,0.703512865
BFA,,,,,,,,,,,,,,,,,-1.132420143,-1.204250595,-1.448679433,-1.368423085,-1.342291639,-1.398796435,-1.527214733,-1.562182768,-1.654750344,-1.506294578,-1.405472412,-1.72427868
MMR,,,,,,,-1.409031345,-1.373979249,-1.470483742,-1.370133328,-1.397366096,-1.382681289,-1.233930332,-1.164966606,-1.205625806,-1.420755191,-1.367328323,-1.30961868,-1.118563428,-1.05759717,-1.112797736,-1.096171069,-1.018442967,-0.870961064,-0.919204307,-0.910281341,-0.774313038,-0.630103101
KHM,,,,,,,-1.384393707,-1.354853632,-1.497818198,-1.458692131,-1.335765586,-1.413168576,-1.129680556,-0.975981144,-0.975794779,-0.993111625,-0.899514631,-0.921825618,-0.997943462,-0.685821026,-0.48394529,-0.551437216,-0.478569125,-0.463072047,-0.54885923,-0.569327046,-0.618923279,-0.421087418
CMR,-0.977222118,-1.072053214,-1.12099036,-1.294378551,-1.427163873,-1.767634799,-1.570744836,-1.280484736,-1.134693445,-1.127963004,-1.510631513,-1.479423538,-1.226376545,-1.098492858,-0.989509774,-0.936146242,-0.818284461,-0.962837268,-0.836371099,-0.866128466,-0.678016633,-0.599181807,-0.909259312,-1.014494504,-1.144442124,-1.127802205,-1.170793012,-1.00141013
CAN,0.984809051,0.85843793,0.930442884,0.935738762,0.914261179,0.855628594,0.864027875,0.831815337,0.768629582,0.778145951,0.742116051,0.702725959,0.650546855,0.563823816,0.531650621,0.482576996,0.547679503,0.564486781,0.601883724,0.623138369,0.550996288,0.497069034,0.526226152,0.53112884,0.537829183,0.542007237,0.476364388,0.516311089
TCD,,,,,,,,,,,,-2.130240013,-2.684277345,-3.191162225,-2.985979104,-0.708922539,-0.536053545,-1.396415787,-2.780322546,-2.502264066,-2.114271986,-1.96262302,-1.954018179,-2.551153818,,-2.325291067,-1.752484851,-2.038906296
CHL,-0.330821511,-0.339353374,-0.341483174,-0.133670844,-0.159525895,-0.116686088,-0.073341612,-0.192838157,-0.247378923,-0.231704831,-0.299147409,-0.299639909,-0.211883729,-0.212174245,-0.339161194,-0.464913601,-0.367143531,-0.272617706,-0.221156253,-0.153047754,-0.207207943,-0.304572313,-0.279686176,-0.245876251,-0.336387294,-0.298984283,-0.306819351,-0.28551228
CHN,-0.080915154,0.008605043,0.043241632,0.05481252,0.014099586,0.155698129,0.269556629,0.278907687,0.337537601,0.386625115,0.529652271,0.583264242,0.737075976,0.874117796,0.945133489,1.016489661,1.121492896,1.161701085,1.127878548,1.15160968,1.186847448,1.144066435,1.152735975,1.187670513,1.200620471,1.189864151,1.235303365,1.251918342
TWN,0.765644161,0.863430272,0.96990447,0.92790397,0.872007022,1.090754559,1.313888486,1.439333789,1.430441909,1.534589012,1.624707732,1.65697519,1.649974258,1.652020074,1.719458354,1.867734209,1.934836058,1.987209169,1.887914978,1.895824536,1.943130884,1.975795291,2.090391745,2.109237955,2.194871864,2.222032396,2.279364998,2.190969607
COL,-0.274462298,-0.169192226,-0.073352968,0.017008494,-0.077560368,-0.036395317,0.121910909,0.19969766,-0.018713814,-0.069785824,-0.204400572,-0.139796979,0.018988639,0.181161999,0.163215553,0.16515669,0.152787479,0.225895084,0.340630305,0.329551118,0.166331984,0.242168729,0.119370121,0.155801357,0.195565226,0.20187717,0.212058461,0.140197567
CRI,-0.40998756,-0.367658448,-0.35027898,-0.293202765,-0.370425307,-0.215488051,-0.073319624,-0.135546508,-0.144606613,-0.217699048,-0.142497346,0.085030171,0.186455851,0.190329516,0.168137802,0.066741579,0.076777079,0.206705434,0.323766288,0.394762574,0.393576742,0.348961108,0.247061365,0.194194613,0.220131142,0.22809179,0.2287669,0.312377202
CIV,-0.787810534,-0.762468883,-0.754380379,-0.570718644,-0.475638378,-0.478102807,-0.441790394,-0.646694519,-0.696599598,-0.691513988,-0.729652848,-0.710639301,-0.75879533,-0.783404147,-0.90612457,-1.104029564,-0.925393434,-0.926231991,-0.753235286,-0.743648656,-0.696045945,-0.641375718,-0.710863804,-0.769267513,-0.859817438,-0.976972951,-0.972213177,-0.87347773
HRV,0.445024805,0.542196668,0.445827347,0.461158211,0.353043911,0.316293022,0.409994814,0.461710975,0.406176084,0.501386656,0.566876497,0.576838446,0.658940494,0.632349365,0.678455873,0.683236987,0.803113599,0.833242009,0.907320904,0.817145255,0.717430157,0.724223305,0.716461972,0.721897279,0.729843197,0.791291556,0.791716959,0.773616186
CUB,,,,-0.595415821,-0.397591659,-0.201923791,-0.235883226,-0.481776836,-0.614204638,-0.3916876,0.009188412,0.190846446,0.120008635,-0.103060359,-0.285256041,-0.178051765,-0.372519999,-0.015590926,0.030026197,0.121437167,-0.156375417,-0.245429998,-0.338358748,-0.289324399,-0.56325541,,,
CZE,1.014168777,1.140284027,1.138164414,1.161261202,1.137588669,1.233828024,1.248925511,1.33470797,1.357098347,1.368044831,1.408721168,1.396039493,1.384829368,1.387879194,1.410810635,1.495306286,1.613232305,1.639710538,1.623792054,1.65220811,1.585592442,1.569614158,1.579102439,1.562637965,1.606997164,1.578753988,1.608846329,1.548067181
COD,,-1.071200249,,,,,,,,,,,-1.542434008,-1.158707345,-1.380960621,-1.730263149,-1.504599777,-1.114906159,-1.38827431,-1.402643207,-1.208381147,-1.275433167,-0.778600299,-0.748650301,-0.878733489,-1.035789628,-1.519992105,-1.803041411
DNK,1.212686786,1.269499299,1.232594846,1.184948762,1.156642908,1.177002791,1.18991015,1.121660055,1.147237881,1.107367684,1.077043623,1.09208521,1.056870198,1.069257165,1.066768395,1.087565655,1.105039064,1.096743305,1.106556918,1.082709445,1.044709719,1.025304359,1.056051452,1.014826266,1.011910821,0.996821804,1.001622938,1.021077182
DOM,-1.092974035,-0.962888909,-0.885592832,-0.879055714,-0.969252466,-0.791264103,-0.600369694,-0.606722236,-0.622764656,-0.501942204,-0.418171054,-0.287583491,-0.122608905,-0.094308008,-0.068131509,-0.1900523,-0.107189494,-0.130007034,-0.14647259,-0.129209198,-0.092269298,-0.072326338,-0.153878042,-0.09034736,-0.095937307,-0.146292964,-0.023233502,0.095549222
ECU,-1.101227837,-1.146237075,-1.153098524,-1.109260251,-1.117413092,-1.016927715,-0.90800285,-0.904959026,-1.027216548,-0.984311365,-1.006301351,-0.919989578,-0.731019918,-0.743312172,-0.813800511,-0.828569329,-0.652765198,-0.565130006,-0.554209242,-0.784860602,-0.772548767,-0.806751136,-0.828044116,-0.734376132,-0.799646766,-0.870793395,-0.829580279,-0.767673262
EGY,-0.631977389,-0.621352071,-0.68909804,-0.654634531,-0.641982783,-0.603462428,-0.473618211,-0.54247746,-0.486600617,-0.444483126,-0.386431136,-0.294004583,-0.136076188,-0.056536978,-0.128642995,-0.183113697,-0.218740731,-0.260958757,-0.164517651,-0.089019301,-0.115592633,-0.036676412,-0.131212702,-0.084950482,-0.12215066,-0.154548297,-0.153771297,-0.080492392
SLV,,,-0.404841778,-0.315618176,-0.421885122,-0.373659221,-0.274717298,-0.299020501,-0.413359929,-0.385107161,-0.342591879,-0.276629507,-0.073548805,0.066660553,0.05903266,0.005319055,0.015234521,-0.021498954,0.038009082,0.127231623,0.161334015,0.220959948,0.233934402,0.200340117,0.168321921,0.116633827,0.092693136,0.206835881
ETH,,,,,,,,,,,,,,,,,-0.909666673,-0.89333045,-0.819449204,-0.859284376,-0.793571911,-0.766666204,-0.933361092,-0.704315697,-0.898591623,-0.736840881,-0.825181438,-0.603044353
FIN,1.666156881,1.695492496,1.661880035,1.633658942,1.681146062,1.753001322,1.828087421,1.8221257,1.7711073,1.864329956,1.74943681,1.701143338,1.58570507,1.476747679,1.502183217,1.548176755,1.524290688,1.512356137,1.464945547,1.528446775,1.451302156,1.313845441,1.393412355,1.369649411,1.423463283,1.425466985,1.354411043,1.279257827
FRA,1.502857609,1.463361964,1.478362687,1.445678638,1.495018086,1.551365026,1.503191787,1.48266212,1.421056027,1.441925117,1.415062145,1.38681583,1.322040187,1.327707081,1.330735521,1.393524592,1.432387791,1.421632863,1.406310308,1.363652614,1.334325959,1.304597757,1.330527933,1.270447647,1.264264627,1.340518606,1.326701702,1.249588027
GAB,-1.460425831,-1.514643777,-1.411940415,-1.555722206,-0.706567266,-1.412552469,-1.561859503,-1.846849623,-1.504685921,-1.083193154,-1.097123402,-1.548889504,-1.397098571,-1.398028554,-1.196806586,-1.61839195,-1.147039919,-0.936411983,-1.059414443,-1.254050025,-0.899136519,-0.439864298,0.007886631,-0.25955284,-0.419519907,-0.687913364,-0.836073966,-1.044804983
GEO,,,,,,,,,,,,-0.177924516,-0.008791313,-0.063819417,-0.053428444,-0.1747596,-0.139045752,-0.163173288,-0.096307142,-0.123302509,-0.156653503,-0.223268554,-0.354931402,-0.156638366,-0.122289667,-0.205646011,-0.051160507,-0.046248195
DEU,1.999498494,2.011280013,2.017243979,1.986902463,1.959452082,1.997657974,2.023202087,2.030121858,2.007939167,2.020471194,2.002099216,1.943707906,1.822111956,1.771296281,1.797685525,1.837102914,1.89789643,1.912922549,1.857817919,1.855668875,1.903417576,1.895470421,1.961994154,1.890534948,1.91906956,1.920725775,1.890062692,1.795026911
GHA,,-1.299246597,-1.133624367,-1.032549809,-1.01930816,-1.127758035,-1.052734064,-1.285852914,-1.26504939,-1.291061387,-1.252767535,-1.137477381,-0.976033767,-0.754132681,-0.861323786,-0.902803376,-0.739149762,-0.799248389,-0.75676092,-0.931719988,-0.784794761,-0.84035659,-0.907188884,-1.145451933,-1.225349457,-1.174017906,-1.121727195,-1.133772868
GRC,-0.105502203,-0.033721621,-0.030727173,0.007526951,-0.011201052,0.029500691,0.093733691,0.177731514,0.161223588,0.197599876,0.217020637,0.164245726,0.244240841,0.247853918,0.251175933,0.239919515,0.215072692,0.140138501,0.203394551,0.208524021,0.252560471,0.223252397,0.15895275,0.151182238,0.132735096,0.119766332,0.234977997,0.275809557
GTM,-0.337417612,-0.259902954,-0.28575569,-0.315942552,-0.384939475,-0.33711565,-0.342561942,-0.35832505,-0.377649307,-0.387163135,-0.430119523,-0.333730173,-0.18524709,-0.099542387,-0.145311018,-0.234675118,-0.249887245,-0.31359557,-0.195094115,-0.136061486,-0.179863519,-0.071928844,-0.163868622,-0.180082158,-0.273376202,-0.265684308,-0.20446687,-0.093411054
GIN,,,,,,,,,,,,,-1.793746408,-1.765141324,-1.809243768,-1.599156966,-1.653866057,-1.727832951,-1.571845225,-1.477961424,-1.59697084,-1.674345828,-1.628511949,-1.661679577,-1.656199563,-1.751450549,-2.030120213,-2.292312977
HND,-1.069154978,-0.923922895,-0.920863536,-0.889979615,-1.067876536,-0.959403615,-0.80565956,-0.922243974,-0.962675671,-0.864042411,-0.820404241,-0.648398567,-0.461124707,-0.422191888,-0.405359317,-0.436167335,-0.461174002,-0.456498868,-0.457490304,-0.360096247,-0.388844993,-0.34035701,-0.440109221,-0.407295346,-0.420074314,-0.373355401,-0.387225195,-0.36882006
HKG,0.058680708,0.148953,0.16461377,0.082696749,-0.008145665,0.166344114,0.264427236,0.328768604,0.447952347,0.427298158,0.539868865,0.60616948,0.626106861,0.777896474,0.87892295,0.946765927,1.082576088,1.103093212,0.992540773,0.976561107,0.961353369,1.038541972,1.083418585,1.108859243,1.232350972,1.215169486,1.323052299,1.278366349
HUN,0.614377192,0.673345878,0.616243838,0.580093308,0.602942916,0.74800257,0.890168911,0.973759339,0.947185177,1.035381849,1.044163323,1.160884696,1.251910409,1.270828364,1.274907848,1.288966747,1.338455484,1.362107555,1.352712211,1.393116276,1.401924474,1.367680643,1.34064555,1.313138642,1.328494345,1.303390243,1.314371323,1.28409527
IND,-0.177912107,-0.02840691,0.037864862,0.084853727,0.046627919,0.12101149,0.211723126,0.273867491,0.271155654,0.24114996,0.239802579,0.270554074,0.342225271,0.393626829,0.328684259,0.338617772,0.273422476,0.340935859,0.321617313,0.348852762,0.3951866,0.425876579,0.418974658,0.442340458,0.431472725,0.499568674,0.539089332,0.589173846
IDN,-0.665499463,-0.636949589,-0.667951284,-0.628639769,-0.584841263,-0.470082544,-0.364858808,-0.284136724,-0.318887987,-0.271413908,-0.283997556,-0.251350482,-0.075507794,0.007622554,0.035445929,-0.065615352,-0.056887565,-0.017357506,-0.023571037,0.003673775,0.023502468,0.017634805,-0.043868298,0.021760087,-0.011339746,-0.056636942,0.005331638,0.001085359
IRN,-1.114405465,-1.182700621,-0.943548214,-0.677003028,-0.610308051,-0.843231459,-0.890917641,-0.821807709,-0.728018135,-0.766158307,-0.707631818,-0.630808561,-0.693972472,-0.933217907,-1.09257919,-0.979615948,-0.741754858,-0.718688703,-0.508218567,-0.408871029,-0.257781841,-0.334305149,-0.434818823,-0.35235638,-0.309274741,-0.167893175,-0.130249727,-0.078219286
IRQ,,,,-2.188560613,-2.131910488,-2.211203114,-1.433791722,-1.462621851,-1.015301371,-1.110460585,-1.030369846,-1.210424203,-2.189866108,-2.438491791,-2.22602114,-2.248537518,-2.028838135,-1.515654508,-1.604631681,-1.790654709,-2.185505147,-2.749838291,-1.521752248,-1.931084259,-1.290619872,-1.371269745,-1.317431138,-1.088671981
IRL,1.117974316,1.189545022,1.243804723,1.214588233,1.292645248,1.320425018,1.376276316,1.342554843,1.440573586,1.552499943,1.403448559,1.289514513,1.244377162,1.264523081,1.288419665,1.387928633,1.326965962,1.392617027,1.331413551,1.272306421,1.204123023,1.18706824,1.224830782,1.200032102,1.250315373,1.326006736,1.307657068,1.23201098
ISR,0.832600404,0.92404664,0.964320889,0.944764312,0.917788896,1.016421042,1.006020104,1.046065171,1.041123859,1.029860699,1.055292026,1.030891691,1.059342242,1.086604929,1.035141851,1.044594837,1.052155262,1.182412793,1.180606116,1.151170016,1.170052162,1.176691745,1.303022286,1.224499422,1.27516181,1.333041695,1.36582481,1.343963522
ITA,1.224026323,1.281787771,1.287531065,1.243879003,1.17324214,1.215306694,1.26608064,1.328975896,1.278356413,1.284083472,1.292019276,1.325163947,1.273571747,1.286947129,1.288955165,1.334318477,1.365298341,1.332577575,1.324010645,1.329426687,1.362719354,1.334332375,1.365979121,1.301234938,1.293511108,1.295652444,1.314696831,1.313052732
JAM,-1.242161585,-1.032666268,-1.002413632,-0.954837341,-0.946469376,-0.833561591,-0.883190745,-0.796300559,,,-0.71397109,-0.577122836,-0.404021141,-0.241234411,-0.189959186,-0.256758326,-0.110814941,-0.2092314,-0.223176359,-0.269492576,-0.24740721,,,-0.214711426,-0.358939545,-0.272255127,-0.193957269,-0.123605966
JPN,2.168976434,2.172063737,2.221271026,2.141897939,2.142964447,2.190172534,2.260502182,2.324704857,2.262788018,2.334323758,2.346243149,2.331408565,2.186972083,2.149922742,2.169040833,2.329264123,2.383053738,2.469886007,2.301624089,2.235604835,2.241114722,2.2799366,2.372876483,2.291637559,2.396668363,2.359127619,2.298400327,2.170805375
JOR,-0.076161166,,,,-0.018406379,-0.038977569,-0.087893435,-0.116780429,-0.210404557,-0.354731438,-0.34497853,-0.26213117,0.017443207,0.024379875,0.069290966,0.035024201,0.085861016,0.045340884,0.233592531,0.192657224,0.123142281,0.084329593,0.042094936,0.038917391,0.017754278,-0.059428048,-0.035151075,0.132218297
KAZ,,0.081386107,0.065162229,0.181368731,0.223690371,-0.218229455,-0.244582737,-0.243910913,-0.351018626,-0.395193898,-0.33073433,-0.251471453,-0.357546102,-0.503132654,-0.67203463,-0.865036806,-0.846559708,-0.573243381,-0.578512891,-0.492555914,-0.565656157,-0.543987529,-0.672175012,-0.704762285,-0.627092732,-0.502804172,-0.580172755,-0.41474763
KEN,-0.355023996,-0.375850678,-0.471044964,-0.397106319,-0.319985026,-0.345140628,-0.314176716,-0.484959676,-0.605199049,-0.556588559,-0.514881993,-0.324263715,-0.288737189,-0.274382725,-0.26578486,-0.321822981,-0.402383406,-0.412482135,-0.432768475,-0.32600465,-0.313120059,-0.28360137,-0.4090651,-0.374250555,-0.358217784,-0.350013391,-0.370142489,-0.318633168
KWT,-0.435286554,-0.647194614,-1.138611195,-0.643119019,-0.636319332,-0.497915178,-0.656688798,-0.416040019,-0.442414643,-0.299496579,-0.597886064,-0.402837005,-0.498724664,-0.850264521,-0.929718453,-0.369758133,0.028832567,-0.113720728,-0.268142782,-0.445289977,-0.133526243,-0.330041646,-0.107758097,-0.274996469,-0.177267439,-0.094384183,0.069298626,0.295428517
KGZ,,,,,,,,,,,,,,,,,-0.44614927,-0.391463822,-0.237555503,-0.170706722,-0.1900504,-0.16376534,-0.023674143,-0.102438634,-0.305001124,-0.364103402,-0.28626383,-0.229806324
LAO,,,,,,,,,,,,,,,,-0.908733701,-0.990064564,-0.927545173,-0.94322956,-0.867555842,-0.890353102,-0.841773329,-0.744424016,-0.615995914,-0.620574568,-0.625583951,-0.518579518,-0.477294737
LBN,,,,,,,,,,0.0743872,0.135748735,0.215057196,0.401315244,0.358412585,0.387261409,0.307008631,0.31970438,0.277668351,0.387598937,0.373959828,0.381401807,0.356551301,0.347479441,0.289485642,0.294149365,0.26656313,0.256801236,0.353545952
LBR,,,,,,,,,,,,,,,,,,,,,,,,,,,,-1.87814205
LBY,-0.454901382,-0.549360572,-0.700247573,-0.793493151,-0.894356149,-0.933075138,-1.043285338,-0.905873419,-0.908824675,-0.793048678,-0.79715133,-0.84467793,-0.936562192,-1.194000478,-1.277637103,-1.2506219,-1.485450074,-1.443227167,-1.838145201,-1.781135497,-1.41872268,-1.483239112,-1.300384263,-1.521952568,-1.556743063,-1.356755343,-1.400212519,-1.189674546
LTU,0.2082845,0.204758825,0.215576102,0.182492114,0.081489135,0.12143545,0.082258365,0.01227301,0.062106995,0.07945414,0.204293065,0.322469483,0.504298018,0.558530566,0.520423966,0.484239796,0.591329966,0.648909824,0.743967655,0.757768481,0.768845454,0.755006457,0.769364824,0.822040771,0.83764152,0.864864742,0.9000431,0.856213677
MDG,,,,,,,,,,,,,,,,,,,-0.858574493,-0.860705362,-0.751111447,-0.951248763,-0.989051446,-0.948110877,-1.099912628,-1.074552411,-1.018222151,-1.010729182
MWI,,,,,,,,,,,,,,,,,,-0.918500042,-1.017483151,,,,,,,,,
MYS,-0.08998966,-0.002471384,-0.009625872,-0.014187456,0.049915371,0.173690852,0.327282987,0.333190252,0.357018525,0.472785207,0.588939991,0.660305476,0.688922579,0.732817043,0.917538019,0.982577701,1.168437611,1.154594641,1.070843059,1.014374601,0.929584927,1.071364525,1.115085817,1.066934219,1.092613203,1.076810839,1.075578516,1.052736083
MLI,,,,,,,,,,,,,,-0.995632021,,,-1.155527371,-1.071258562,-1.318124926,-1.390251262,-1.839969792,-1.550041958,-1.100625662,-1.083978507,-1.185032754,-1.274360426,-1.698551158,-2.208393842
MRT,,,,,,,,,,,,,-1.70782343,-1.877275812,-1.793002325,-1.806942937,-1.270445938,-1.310545715,-1.270183853,-1.745005164,-1.688326361,-1.541652988,-1.582907512,-1.461425017,-1.45217762,-1.462560126,-1.352963549,-1.215072882
MEX,0.398883487,0.373126589,0.445584088,0.410904183,0.410545611,0.505711868,0.525589467,0.61265938,0.621950357,0.726104897,0.787873586,0.804030902,0.806614232,0.883670769,0.855281371,0.874390739,0.978840345,0.972537236,0.990019448,1.015525206,1.061380828,1.054989053,1.043912881,1.033311295,0.945926927,0.936473451,0.965257227,0.931048457
MDA,,,,,,,,,,,,,0.086661504,0.161895995,0.130301005,0.088301652,0.023246459,-0.039897691,0.030140697,0.011579313,-0.005282368,-0.127544507,-0.239031245,-0.127794958,-0.223273518,-0.227287797,-0.165823247,-0.029686898
MNG,,,,,,,,,,,,,-0.952942729,-0.923836657,-0.932686258,-0.98231078,-1.150310541,-1.105760208,-1.019191744,-1.238652938,-1.257933832,-1.300570781,-1.295129371,-1.243862798,-1.16586675,-1.282643921,-1.196975234,-1.14024012
MAR,-0.973603414,-0.979981713,-0.975436913,-0.890729234,-0.9574845,-0.863858499,-0.91092912,-0.91932951,-0.87754166,-0.870711416,-0.797354835,-0.620020969,-0.526730491,-0.420265265,-0.415835223,-0.46053387,-0.435065038,-0.522713903,-0.533268165,-0.473896387,-0.465708107,-0.473165726,-0.601221323,-0.501851401,-0.558177083,-0.567375033,-0.465697284,-0.284519859
MOZ,,,,,,,,,,-0.947879386,-1.07981089,-1.036322533,-1.056574067,-1.11442932,-1.064365493,-1.266913732,-1.152828632,-1.305614296,-1.020773185,-0.974808834,-0.921839834,-0.996425671,-1.231632151,-1.211406408,-1.199034031,-1.053501924,-1.138571447,-1.168901581
NAM,,,,,,,,-0.42670359,-0.362326827,-0.474213694,-0.591234517,-0.494315239,-0.510961522,-0.47705484,-0.442923993,-0.592332817,-0.578415316,-0.439215216,-0.420717956,-0.347830994,-0.396498001,-0.543292422,-0.731663721,-0.493208043,-0.539473957,-0.6120702,-0.692034005,-0.734074287
NLD,1.053198615,1.075736557,1.039373804,0.994687763,0.993889949,1.028389341,1.048622764,1.000676312,0.991303994,1.005143,0.965673535,1.000832947,1.013405592,1.006312999,0.985171526,1.065536137,1.04861175,1.068393166,1.078298747,1.076422192,1.026276453,1.049807174,1.090652353,1.038127719,1.057275286,0.998419122,1.009860849,1.004900077
NZL,0.378676813,0.400831305,0.381394792,0.468573218,0.503577936,0.488322827,0.492649757,0.443042082,0.43863252,0.440504851,0.449306691,0.47966762,0.422734785,0.377747726,0.342602087,0.251218247,0.255415922,0.246460439,0.291686599,0.367454272,0.293934644,0.255347311,0.215603334,0.242247385,0.2126721,0.210730481,0.284086406,0.321770631
NIC,,,,,,,,,,,,-0.870446793,-0.716062339,-0.654941074,-0.651633713,-0.793002179,-0.898312211,-0.851901414,-0.799852518,-0.658936272,-0.713314207,-0.765160452,-0.857938572,-0.743862829,-0.759136472,-0.790806745,-0.789032841,-0.725747118
NER,,,,,,,,,,,,,,,,,,,-1.232474851,-1.152020324,-1.248123096,,,,,-1.250467006,-1.313396814,-1.198087726
NGA,-2.188683591,-2.024152434,-2.021381352,-1.83156963,-1.847989946,-2.134818374,-1.972313115,-1.60587455,-1.608461505,-2.113036682,-2.22458075,-2.251624859,-2.071049316,-1.946756286,-2.013149031,-1.930735819,-1.925528411,-1.773932329,-1.66370468,-1.666278461,-1.467567419,-1.268836632,-1.444677309,-1.657122614,-1.563529878,-1.544269876,-1.50612847,-1.570910682
PRK,,,,,,,,,,,,,0.799011238,0.762659125,0.762855876,0.798108372,0.649839723,0.379087821,-0.030200492,-0.165235386,-0.182585014,-0.313363851,-0.307743021,-0.159428806,,,,
MKD,0.020606949,,0.0473114,-0.005839538,-0.104979278,-0.156567668,,,,-0.220907418,-0.220516789,-0.176573223,-0.084168174,-0.025020775,0.006355976,-0.042360874,-0.084859377,-0.081191749,0.047105103,0.121302006,0.105385484,0.074873997,0.013326453,0.124289904,0.132268471,0.243921274,0.255950449,0.39746856
NOR,0.984158321,0.955944639,0.970408857,0.934191576,0.942758896,0.903260677,0.84335576,0.714910022,0.736530657,0.864329589,0.837788304,0.820022709,0.67397217,0.667030554,0.623153695,0.59413389,0.604446685,0.641505455,0.771378515,0.647247672,0.664262706,0.722892135,0.719618563,0.568025424,0.589153466,0.51194215,0.593877985,0.464565566
OMN,-0.356959186,-0.366353516,-0.398627997,-0.354669726,-0.476216748,-0.566399319,-0.697767776,-0.53446941,-0.711862126,-0.734939886,-0.772707916,-0.7258908,-0.473455845,-0.558392166,-0.57160517,-0.50382266,-0.46667732,-0.473449465,-0.436476256,-0.411504248,-0.372617543,-0.347605321,-0.325174862,-0.339627283,-0.296059535,-0.252908665,-0.199485163,-0.189808256
PAK,-1.099386395,-1.058743765,-1.01717412,-1.074300523,-1.214191934,-1.126796825,-1.002977038,-0.986360292,-0.914406049,-0.925418634,-0.7929754,-0.658976073,-0.467327794,-0.262860836,-0.28519288,-0.34610528,-0.5357687,-0.616272909,-0.536189094,-0.510309542,-0.496608994,-0.484053551,-0.545284839,-0.489405382,-0.560870287,-0.533165856,-0.471934723,-0.287832126
PAN,-0.362972955,-0.356526483,-0.35172768,-0.301372528,-0.314038377,-0.120827273,-0.147303291,-0.250929423,-0.181007736,-0.16084616,-0.143937524,-0.010697487,0.156627776,0.352025296,0.417098467,0.428409139,0.707921879,0.759032687,0.665783436,0.653986527,0.631615869,0.54431373,0.538403644,0.610786311,0.514049551,0.434404841,0.367727016,0.281474423
PNG,-2.278847417,-2.184667762,-1.975126804,-1.783664832,-1.671737526,-1.401418905,-1.357657175,-1.489476738,-1.663313246,-1.687304555,-1.618798279,-1.683898533,-1.969856346,-1.867613776,-1.841406678,-1.88404256,-1.717626845,-1.309601178,-1.346843632,-1.227932246,-1.763482927,-1.668740866,-1.818051429,-1.784844286,-1.338075507,-1.252293905,-1.272232756,-1.419984517
PRY,,,,,,-0.369082948,-0.503947022,-0.614271257,-0.610867441,-0.561030843,-0.567840697,-0.578139333,-0.435637741,-0.377769102,-0.454472114,-0.527117228,-0.518896623,-0.552718658,-0.445133522,-0.295327253,-0.487348046,-0.391229915,-0.434978821,-0.367554986,-0.366405201,-0.365537254,-0.354082171,-0.404153633
PER,-0.745205414,-0.76818171,-0.801536314,-0.696940507,-0.707015101,-0.633075624,-0.680539523,-0.790013873,-0.777144358,-0.813307319,-0.687890283,-0.708547254,-0.519040924,-0.415891852,-0.463640384,-0.597835235,-0.591480323,-0.444317676,-0.445389906,-0.437021635,-0.535590613,-0.54584793,-0.633107941,-0.610155622,-0.672248272,-0.74583109,-0.747289705,-0.571114296
PHL,-0.786151988,-0.658069545,-0.548593952,-0.543152911,-0.53415065,-0.408789205,-0.37209574,-0.203047201,-0.106459738,-0.193272642,-0.080847143,0.010210989,0.106167972,0.273404572,0.282160329,0.340603655,0.426939677,0.468022751,0.491795446,0.515941534,0.542082496,0.540239567,0.619121059,0.74301113,0.70579661,0.667706308,0.745477437,0.654036522
POL,0.440986481,0.461098749,0.464582788,0.579087033,0.522974514,0.636343824,0.691655248,0.740862021,0.723682314,0.764268861,0.759587781,0.798093262,0.857346373,0.864409527,0.839309615,0.828972671,0.920113774,0.956936903,0.9483594,0.938536547,0.999088754,1.042353428,1.047574732,1.072731566,1.051792529,1.025731165,0.983865648,0.957481353
PRT,0.05679102,0.090460956,0.163330772,0.141955199,0.068598499,0.212449844,0.276334765,0.341532355,0.314648473,0.428492617,0.423832083,0.47752507,0.57770643,0.608139822,0.575612217,0.547461179,0.592100404,0.580851344,0.626801774,0.65641686,0.619626772,0.644917509,0.613339732,0.619731353,0.612257818,0.620349024,0.627618212,0.668857857
QAT,-0.766897605,-0.847049152,-1.195138773,-1.261890076,-1.435110634,-1.044878121,-1.100253502,-0.775985642,-0.808141851,-0.25895996,-0.273617978,-0.241442063,-0.169696957,-0.301242764,-0.433422767,-0.657010848,-0.516547964,-0.674027097,-0.373048286,-0.36041696,-0.319835446,-0.251209476,-0.307879664,-0.354388202,-0.214869336,-0.073906264,-0.147625754,-0.133883759
COG,-0.560764838,-1.102870969,-0.908600338,-1.202345069,-1.066803954,-1.204633722,-1.407781942,-1.235654851,-1.243897993,-1.458202132,-1.348727675,-1.595932981,-1.795917156,-1.775308742,-1.518954287,-1.54113825,-1.659337559,-1.222504617,-1.370295465,-1.336451262,-1.266228396,-1.034355945,-0.538062787,-0.616566654,-0.996413336,-1.113208415,-1.251535921,-1.781015067
ROU,0.391569163,0.367584728,0.373296207,0.308398056,0.244825243,0.182134503,0.171802093,0.182745842,0.220704209,0.219362451,0.298665967,0.384878409,0.646725333,0.748087466,0.767517663,0.812811465,0.771722977,0.65320426,0.752242398,0.822417715,0.900430901,0.912452134,0.989397637,1.044636759,1.045070822,1.085503403,1.14462248,1.124436382
RUS,0.345712942,0.385963568,0.483140077,0.675216251,0.761975036,0.842322549,0.79015376,0.78628914,0.813948961,0.761368385,0.674386055,0.627747183,0.575600493,0.459699481,0.316824706,0.266775635,0.275860257,0.340312902,0.282603989,0.279042697,0.136564121,0.154337738,0.187424228,0.17560596,0.182164739,0.188935124,0.102810164,0.034966935
SAU,0.279910393,0.184550001,-0.028319024,0.129049373,0.104509518,0.101974924,0.182447731,0.087879997,0.070235673,0.030006761,0.063013424,-0.018207373,0.076573861,-0.119037753,-0.165587076,0.013171723,0.153569052,0.146466284,0.298671485,0.393225238,0.372158165,0.455134558,0.485243069,0.550919079,0.610987184,0.555370906,0.784447239,0.698429165
SEN,,,,,,,,,,,,,-0.168406749,-0.254110082,-0.371987808,-0.507584694,-0.478734574,-0.492313004,-0.477394829,-0.389028292,-0.452164275,-0.506743118,-0.565858367,-0.580962605,-0.715362638,-0.773944864,-0.65584256,-0.533595456
SRB,,,,,,,,,,,,0.4058453,0.533676758,0.571276316,0.467994877,0.47105038,0.451070963,0.470366789,0.542406075,0.619811643,0.569963812,0.538477265,0.531074886,0.593537562,0.650966824,0.617702568,0.643631044,0.67713996
SLE,,,,,,,,,,,,,,,,,,,,-1.189061975,,,,,,,,
SGP,0.605796088,0.680576829,0.727963266,0.724824612,0.934550347,1.142261964,1.314193592,1.252250094,1.270007615,1.429401051,1.59190779,1.515158058,1.441675044,1.437188952,1.692979252,1.792447793,1.82532669,1.906745499,1.802722768,1.703767019,1.798085017,1.815221762,1.835514549,1.82951894,1.840689378,1.89095633,1.851252178,1.647265098
SVK,0.954424982,0.955538953,0.909896122,0.99861184,0.89872647,0.984731529,1.039672952,1.00810546,0.977952574,1.048279382,1.072805251,1.084960505,1.102589883,1.135404844,1.125924345,1.128684502,1.179291899,1.154195222,1.144970347,1.163307309,1.171823359,1.093081315,1.122812714,1.143892144,1.193522421,1.204105778,1.254049845,1.184286014
SVN,1.010064053,1.116805948,1.132104785,1.111272499,1.089928579,1.125724203,1.214473899,1.286224181,1.364224863,1.456334722,1.446569787,1.448468767,1.429780082,1.41156449,1.417871477,1.496266078,1.545157006,1.528650074,1.541325012,1.545323654,1.520877639,1.504457537,1.540495638,1.528671599,1.558013882,1.589244021,1.63282105,1.557645509
ZAF,0.239999328,0.160801986,0.214255075,0.331261835,0.383251796,0.301344197,0.226951326,0.232479117,0.286109736,0.236814695,0.2300974,0.299248889,0.232219926,0.237123497,0.184192703,0.134256462,0.163296333,0.258310254,0.252409737,0.235021596,0.148782748,0.046567334,-0.055751478,-0.006838176,0.018183962,-0.008860839,-0.071252412,-0.130155161
KOR,0.430641654,0.519152227,0.597482002,0.651482636,0.638078932,0.636195605,0.759295848,0.901528168,0.995491293,1.101636212,1.248343593,1.439839562,1.3754012,1.429245309,1.525671964,1.588004073,1.629601227,1.768153586,1.758164955,1.773980549,1.792025683,1.821662262,1.89125985,1.918524883,2.0917883,2.099078631,2.049401924,1.899158227
SSD,,,,,,,,,,,,,,,,,,,,-2.074712172,-2.355093964,-2.239269408,-2.144235418,-2.256073276,-2.252220189,,,
ESP,0.85991632,0.86858196,0.876671578,0.845099773,0.8157841,0.890957971,0.901370884,0.912734668,0.880085039,0.896607931,0.840399474,0.827174833,0.888170432,0.857532316,0.82944151,0.818380763,0.839863537,0.807892966,0.856328652,0.839618598,0.849772175,0.770688485,0.757159858,0.751270248,0.713497697,0.702193434,0.761285903,0.782629283
LKA,-1.148051266,-1.018512646,-0.990766005,-0.98067033,-1.038698111,-0.926716907,-0.810736479,-0.74263759,-0.711482639,-0.756844003,-0.651938105,-0.605763153,-0.395617806,-0.25574033,-0.251293151,-0.420579232,-0.308354866,-0.409449537,-0.298812066,-0.25644311,-0.292103094,-0.301290939,-0.37515464,-0.237306123,-0.364822168,-0.354911505,-0.311567834,-0.231158612
SDN,,,,,,-1.074661313,-1.51508734,-1.447722394,-1.575304744,-1.433484788,-1.97625722,-1.855617362,-1.934093123,-1.777482201,-1.983636142,-1.89984594,-2.248762457,-2.014767446,-1.645220389,-1.374738955,-1.450228722,-1.444852472,-1.562294912,-1.427172738,-1.466187557,-1.512034338,-1.447726916,-1.466962527
SWE,1.837580371,1.82254475,1.848336254,1.821555878,1.811872478,1.853606142,1.885931774,1.899300366,1.854608175,1.916342735,1.836002146,1.724303615,1.618311142,1.588073577,1.596868924,1.654198934,1.630171031,1.649458763,1.678573553,1.665794746,1.64589594,1.56374165,1.605127282,1.524838059,1.541103689,1.560796192,1.512573343,1.441869774
CHE,1.96251907,1.971587154,2.002073282,1.877326549,1.899453199,1.922144373,1.967388619,2.040027817,2.02052485,1.999260318,1.95989561,1.917325049,1.775234721,1.728885545,1.784109338,1.923131968,2.032452417,2.176975732,2.151127951,2.074099265,2.060080665,2.050128398,2.092174914,2.041307898,2.055316664,2.072382141,2.058057963,2.019364279
SYR,-1.199334048,-1.337165136,-1.302282557,-1.098343996,-1.197517647,-1.234669348,-1.120883952,-1.135968035,-0.952689087,-0.925635205,-0.675848224,-0.621193532,-0.418834443,-0.288694123,-0.279440044,-0.305016682,-0.401728199,-0.381703305,-0.376382124,-0.038858421,,,,,,,,
TJK,,,,,,,,,,,,,,,,,,,,,,,,,,,-0.776747387,-0.83990507
TZA,,,,,,,,,,-1.308600808,-1.253177548,-1.095791138,-0.830646226,-0.684317284,-0.676592631,-0.746714373,-0.893450634,-0.766743643,-0.725759093,-0.750170467,-0.847393003,-0.858881988,-0.899187308,-0.378547324,-0.506513046,-0.517071546,-1.115830993,-1.1282437
THA,-0.239407676,-0.176113086,-0.139733246,-0.172537665,-0.129407329,-0.013882573,0.119148445,0.12669022,0.187834719,0.302189666,0.381361566,0.456611983,0.585451391,0.692448331,0.740156425,0.78310348,0.884633289,0.957371483,0.959003524,1.016501727,1.021937008,0.9934271,1.001305383,1.005060423,1.017487349,0.99003154,0.992234421,0.985432857
TGO,,,,,,,,,,,,,,,-0.502477392,-0.625494305,-0.709609601,-0.832806718,-0.698321438,-0.61615335,-0.654380141,-0.562463053,-0.73740966,-0.728991795,-0.724943823,-0.796140959,-0.842345701,-0.870976515
TUN,-0.615208769,-0.673389235,-0.775152894,-0.692580708,-0.782855892,-0.637153078,-0.569446186,-0.453950773,-0.477785227,-0.431081722,-0.34699761,-0.284790947,-0.056262967,0.067697105,0.063615825,0.168408182,0.24271683,0.148747348,0.198006624,0.249120921,0.239787048,0.239954437,0.245419627,0.28267048,0.253819064,0.172769511,0.281398129,0.349136427
TUR,-0.178098722,-0.128021904,-0.144741438,-0.105980286,-0.173616138,-0.120715961,-0.051568693,-0.039935732,-0.107735895,-0.049601034,0.097129233,0.22457115,0.412739803,0.491070182,0.488755003,0.459295712,0.462712236,0.442039457,0.49269236,0.528261888,0.49996289,0.520929369,0.549634365,0.59116195,0.562225252,0.614744122,0.626854633,0.660803337
TKM,,,,,,-1.083542255,-1.093749643,-0.982959611,-1.228519563,-1.268368081,-1.278318082,-1.217186649,-1.033042448,-0.991741441,-0.977327772,-0.927158308,-1.006280027,-1.540692432,-1.700921781,-1.232323103,-1.111275428,-0.956333872,-1.266696416,-1.116998718,-1.143714186,-0.816648507,-0.810855315,-0.690477905
UGA,,,,,,,,,,,,,,-0.396584818,-0.546206835,-0.458311676,-0.513586576,-0.490974259,-0.400673633,-0.31945541,-0.439740264,-0.436534219,-0.605672464,-0.6636596,-0.707236116,-0.873259507,-0.820716779,-0.771228016
UKR,0.331457364,0.684866268,0.64585392,0.779358673,0.696639964,0.608607823,0.58838133,0.725979989,0.688246483,0.616148292,0.604832989,0.546467699,0.529442634,0.501983517,0.450758834,0.391066311,0.458314434,0.463313715,0.511177349,0.487333099,0.445698553,0.314016504,0.277791141,0.351018839,0.269872441,0.324232274,0.306000519,0.288619671
ARE,-0.295720807,-0.281292313,-0.354456116,-0.423515798,-0.446111486,-0.415353923,-0.359679046,-0.493254174,-0.386422422,-0.127566439,-0.202446952,-0.038743478,-0.094798036,-0.154135476,-0.216506768,-0.19914962,-0.017070772,-0.043498984,0.049062275,0.111184405,0.126205606,0.072563826,0.081794206,0.055199907,0.074252566,0.051513763,0.086781714,0.096026602
GBR,1.661026242,1.694245764,1.687547865,1.685195309,1.755076144,1.845823169,1.810423639,1.801876338,1.76031475,1.765070917,1.722069848,1.663035698,1.547748715,1.573719912,1.615348483,1.665708389,1.675097603,1.687101278,1.629965467,1.553058326,1.553294026,1.503947738,1.603083892,1.527549677,1.602113355,1.595332041,1.573657419,1.553147343
USA,1.587310304,1.598461856,1.626772469,1.591618965,1.662645331,1.660209232,1.670366581,1.658828799,1.658001962,1.650233487,1.631369492,1.576079715,1.462894089,1.410253935,1.406274244,1.492843128,1.492490785,1.544006231,1.488678815,1.507324523,1.474187097,1.497398124,1.48088878,1.380738692,1.403554121,1.419644215,1.445288601,1.407828822
URY,0.282052699,0.215163566,0.134062265,0.2368882,0.22173079,0.206920436,0.18677692,0.128877039,0.093016752,0.1447106,0.10533056,0.110140111,0.216825323,0.22709905,0.216694332,0.262389079,0.285808908,0.174345374,0.282865396,0.267937653,0.172229321,0.21368594,0.206012016,0.126853967,0.104910965,-0.013220775,0.057702511,0.169014845
UZB,,-0.55286357,-0.732626472,-0.684781401,-0.518819557,-0.658191772,-0.587036217,-0.600479977,-0.578578459,-0.672589667,-0.586936119,-0.5473299,-0.460366291,-0.354994799,-0.529632083,-0.555834758,-0.623751574,-0.656954831,-0.595023636,-0.459321814,-0.404710461,-0.488338949,-0.399391917,-0.407935886,-0.521828377,-0.539419539,-0.419299227,-0.156365829
VEN,-0.079817457,0.029108177,-0.106493434,0.010011249,-0.118417434,-0.048207196,-0.033197334,0.090693321,-0.071279761,-0.032367243,-0.028976907,-0.189820402,-0.249783131,-0.551307669,-0.675508756,-0.617709504,-0.795273855,-0.895374031,-0.604223188,-0.756608871,-0.673776888,-0.920744662,-0.985651303,-1.054211125,-0.972586658,-0.89562464,-0.947385243,-0.640360779
VNM,-1.279913988,-1.137382802,-1.105721589,-1.034033054,-1.058315413,-0.927332287,-0.876009398,-0.85050239,-0.721041552,-0.599901361,-0.549485242,-0.397105964,-0.195164505,-0.025939681,-0.073882794,-0.034999729,0.059073305,0.083883079,0.093835494,0.105557307,0.041014119,0.114421002,0.075339466,0.142443448,0.124950964,0.198803339,0.221343035,0.394031519
YEM,-1.522666031,-1.5230061,-1.471831531,-1.52845325,-1.528037084,-1.519055906,-1.459981549,-1.592851311,-1.716334768,-1.653525717,-1.317775684,-1.551131482,-1.345131753,-1.248754056,-1.073458455,-1.108342656,-1.089212309,-1.138840585,-1.109063636,-0.907414016,-0.835342579,-0.951152472,-1.231572969,-1.167709274,-1.282176779,-1.232636961,-1.184122672,-0.946929724
ZMB,,,,,,,,,,-1.09349191,-1.026899758,-0.892181315,-0.740591571,-0.636180942,-0.72855877,-0.856832611,-1.1209742,-0.632781704,-0.476418699,-0.326842694,-0.421238279,-0.559264694,-0.684849471,-0.603544,-0.554288533,-0.63211313,-0.749319421,-0.741282582
ZWE,-0.098741066,-0.255702674,-0.282450817,-0.377179395,-0.339724767,-0.403946633,-0.464214593,-0.642893793,-0.573976726,-0.397127735,-0.431909255,-0.366610264,-0.416382091,-0.25147544,-0.342352865,-0.486363017,-0.922870832,-0.955399924,-0.930809337,-0.851657978,-0.782659116,-0.85149993,-0.867330945,-0.873359447,-0.943463457,-0.951301104,-0.911236893,-0.844306364