iso3,Year,Population
AFG,1998,19159996.0
AGO,1998,15159370.0
ALB,1998,3128530.0
ARE,1998,3040421.0
ARG,1998,36372860.0
ARM,1998,3208401.0
AUS,1998,18607584.0
AUT,1998,7976789.0
AZE,1998,7913000.0
BEL,1998,10203008.0
BEN,1998,6789489.0
BFA,1998,11240664.0
BGD,1998,129622332.0
BGR,1998,8256786.0
BIH,1998,4089356.0
BLR,1998,10071963.0
BOL,1998,8313394.0
BRA,1998,169159655.0
BWA,1998,1606899.0
CAN,1998,30155173.0
CHE,1998,7110001.0
CHL,1998,15127799.0
CHN,1998,1241935000.0
CIV,1998,16663948.0
CMR,1998,14144860.0
COD,1998,47297600.0
COG,1998,2952061.0
COL,1998,37792165.0
CRI,1998,3782838.0
CUB,1998,11034712.0
CZE,1998,10294373.0
DEU,1998,82047195.0
DNK,1998,5304219.0
DOM,1998,8310362.0
DZA,1998,30054133.0
ECU,1998,12251184.0
EGY,1998,69943294.0
ESP,1998,40223509.0
ETH,1998,63363524.0
FIN,1998,5153498.0
FRA,1998,60190684.0
GAB,1998,1211736.0
GBR,1998,58487141.0
GEO,1998,4243607.0
GHA,1998,18688036.0
GIN,1998,8081990.0
GRC,1998,10720509.0
GTM,1998,11139145.0
HKG,1998,6543700.0
HND,1998,6234431.0
HRV,1998,4532135.0
HUN,1998,10266570.0
IDN,1998,209826788.0
IND,1998,1018665080.0
IRL,1998,3712696.0
IRN,1998,64519859.0
IRQ,1998,22884399.0
ISR,1998,5971000.0
ITA,1998,56906744.0
JAM,1998,2569736.0
JOR,1998,5164284.0
JPN,1998,126400000.0
KAZ,1998,15647785.0
KEN,1998,28888057.0
KGZ,1998,4769015.0
KHM,1998,12058173.0
KOR,1998,46286503.0
KWT,1998,1844302.0
LAO,1998,5248266.0
LBN,1998,4181281.0
LBR,1998,2670124.0
LBY,1998,5140704.0
LKA,1998,18596003.0
LTU,1998,3549331.0
MAR,1998,27621648.0
MDA,1998,2935227.0
MDG,1998,15489364.0
MEX,1998,95575245.0
MKD,1998,2007523.0
MLI,1998,10919573.0
MMR,1998,44257793.0
MNG,1998,2323809.0
MOZ,1998,17340464.0
MRT,1998,2474651.0
MWI,1998,10792876.0
MYS,1998,21906713.0
NAM,1998,1732745.0
NER,1998,10741413.0
NGA,1998,119846254.0
NIC,1998,4883655.0
NLD,1998,15707209.0
NOR,1998,4431464.0
NZL,1998,3815000.0
OMN,1998,2222489.0
PAK,1998,146522356.0
PAN,1998,2893914.0
PER,1998,25738095.0
PHL,1998,75791024.0
PNG,1998,5166390.0
POL,1998,38663481.0
PRK,1998,23311564.0
PRT,1998,10160196.0
PRY,1998,4900025.0
QAT,1998,580540.0
ROU,1998,22507344.0
RUS,1998,147670784.0
SAU,1998,14922185.0
SDN,1998,26458999.0
SEN,1998,9502952.0
SGP,1998,3927213.0
SLE,1998,4295785.0
SLV,1998,5880781.0
SRB,1998,7567745.0
SSD,1998,5620068.0
SVK,1998,5390516.0
SVN,1998,1981629.0
SWE,1998,8850974.0
SYR,1998,15820413.0
TCD,1998,7938840.0
TGO,1998,4860913.0
THA,1998,61522630.0
TJK,1998,6176397.0
TKM,1998,4410507.0
TUN,1998,9541667.0
TUR,1998,63734383.0
TZA,1998,32420458.0
UGA,1998,22515806.0
UKR,1998,50379731.0
URY,1998,3239280.0
USA,1998,275854000.0
UZB,1998,24134929.0
VEN,1998,23601337.0
VNM,1998,75299660.0
YEM,1998,18446013.0
ZAF,1998,46223880.0
ZMB,1998,9482408.0
ZWE,1998,11594297.0
AFG,1999,19887785.0
AGO,1999,15667235.0
ALB,1999,3108778.0
ARE,1999,3266009.0
ARG,1999,36794682.0
ARM,1999,3167286.0
AUS,1999,18812264.0
AUT,1999,7992324.0
AZE,1999,7982750.0
BEL,1999,10226419.0
BEN,1999,7002818.0
BFA,1999,11574928.0
BGD,1999,132108065.0
BGR,1999,8210624.0
BIH,1999,4130305.0
BLR,1999,10026738.0
BOL,1999,8459806.0
BRA,1999,171641543.0
BWA,1999,1641997.0
CAN,1999,30401286.0
CHE,1999,7143991.0
CHL,1999,15319313.0
CHN,1999,1252735000.0
CIV,1999,17215935.0
CMR,1999,14525140.0
COD,1999,48912971.0
COG,1999,3032874.0
COL,1999,38454863.0
CRI,1999,3862101.0
CUB,1999,11072230.0
CZE,1999,10283860.0
DEU,1999,82100243.0
DNK,1999,5321799.0
DOM,1999,8446208.0
DZA,1999,30474354.0
ECU,1999,12470795.0
EGY,1999,71520954.0
ESP,1999,40386875.0
ETH,1999,65374561.0
FIN,1999,5165474.0
FRA,1999,60501986.0
GAB,1999,1243016.0
GBR,1999,58682466.0
GEO,1999,4157192.0
GHA,1999,19149864.0
GIN,1999,8265123.0
GRC,1999,10761698.0
GTM,1999,11422965.0
HKG,1999,6606500.0
HND,1999,6400463.0
HRV,1999,4512597.0
HUN,1999,10237530.0
IDN,1999,213004668.0
IND,1999,1038225823.0
IRL,1999,3754786.0
IRN,1999,65445391.0
IRQ,1999,23636527.0
ISR,1999,6125000.0
ITA,1999,56916317.0
JAM,1999,2589795.0
JOR,1999,5276444.0
JPN,1999,126631000.0
KAZ,1999,15455874.0
KEN,1999,29733408.0
KGZ,1999,4840422.0
KHM,1999,12265731.0
KOR,1999,46616677.0
KWT,1999,1900030.0
LAO,1999,5340784.0
LBN,1999,4255277.0
LBR,1999,2821684.0
LBY,1999,5218038.0
LKA,1999,18944731.0
LTU,1999,3524238.0
MAR,1999,28027179.0
MDA,1999,2930622.0
MDG,1999,16000506.0
MEX,1999,97115707.0
MKD,1999,2017142.0
MLI,1999,11227415.0
MMR,1999,44787724.0
MNG,1999,2356813.0
MOZ,1999,17734506.0
MRT,1999,2541698.0
MWI,1999,11047804.0
MYS,1999,22435531.0
NAM,1999,1776368.0
NER,1999,11117411.0
NGA,1999,123047320.0
NIC,1999,4954018.0
NLD,1999,15812088.0
NOR,1999,4461913.0
NZL,1999,3835100.0
OMN,1999,2252909.0
PAK,1999,150565377.0
PAN,1999,2951822.0
PER,1999,26186504.0
PHL,1999,77753257.0
PNG,1999,5349333.0
POL,1999,38660271.0
PRK,1999,23497599.0
PRT,1999,10217828.0
PRY,1999,5003135.0
QAT,1999,612500.0
ROU,1999,22472040.0
RUS,1999,147214776.0
SAU,1999,15472075.0
SDN,1999,27130613.0
SEN,1999,9730887.0
SGP,1999,3958723.0
SLE,1999,4318043.0
SLV,1999,5913900.0
SRB,1999,7540401.0
SSD,1999,5771628.0
SVK,1999,5396020.0
SVN,1999,1983045.0
SWE,1999,8857874.0
SYR,1999,16228061.0
TCD,1999,8222705.0
TGO,1999,5000269.0
THA,1999,62299043.0
TJK,1999,6208370.0
TKM,1999,4492170.0
TUN,1999,9655963.0
TUR,1999,64591923.0
TZA,1999,33300330.0
UGA,1999,23257281.0
UKR,1999,49976446.0
URY,1999,3254015.0
USA,1999,279040000.0
UZB,1999,24476008.0
VEN,1999,24066593.0
VNM,1999,76287452.0
YEM,1999,19029420.0
ZAF,1999,46730335.0
ZMB,1999,9740005.0
ZWE,1999,11783458.0
AFG,2000,20130327.0
AGO,2000,16194869.0
ALB,2000,3089027.0
ARE,2000,3493575.0
ARG,2000,37213984.0
ARM,2000,3221100.0
AUS,2000,19028802.0
AUT,2000,8011566.0
AZE,2000,8048600.0
BEL,2000,10251250.0
BEN,2000,7221619.0
BFA,2000,11925546.0
BGD,2000,134544304.0
BGR,2000,8170172.0
BIH,2000,4159771.0
BLR,2000,9979610.0
BOL,2000,8606326.0
BRA,2000,174018282.0
BWA,2000,1677382.0
CAN,2000,30685730.0
CHE,2000,7184250.0
CHL,2000,15503635.0
CHN,2000,1262645000.0
CIV,2000,17699004.0
CMR,2000,14912631.0
COD,2000,50507442.0
COG,2000,3151345.0
COL,2000,39089934.0
CRI,2000,3937739.0
CUB,2000,11109109.0
CZE,2000,10255063.0
DEU,2000,82211508.0
DNK,2000,5339616.0
DOM,2000,8584190.0
DZA,2000,30903893.0
ECU,2000,12689206.0
EGY,2000,73083284.0
ESP,2000,40567864.0
ETH,2000,67411494.0
FIN,2000,5176209.0
FRA,2000,60918661.0
GAB,2000,1275572.0
GBR,2000,58892514.0
GEO,2000,4077131.0
GHA,2000,19637087.0
GIN,2000,8428832.0
GRC,2000,10805808.0
GTM,2000,11697592.0
HKG,2000,6665000.0
HND,2000,6577773.0
HRV,2000,4468302.0
HUN,2000,10210971.0
IDN,2000,216077790.0
IND,2000,1057922733.0
IRL,2000,3805174.0
IRN,2000,66418659.0
IRQ,2000,24424056.0
ISR,2000,6289000.0
ITA,2000,56942108.0
JAM,2000,2607826.0
JOR,2000,5386945.0
JPN,2000,126843000.0
KAZ,2000,15501103.0
KEN,2000,30642890.0
KGZ,2000,4898362.0
KHM,2000,12462336.0
KOR,2000,47008111.0
KWT,2000,1954709.0
LAO,2000,5431212.0
LBN,2000,4329340.0
LBR,2000,2928117.0
LBY,2000,5305021.0
LKA,2000,19293054.0
LTU,2000,3499536.0
MAR,2000,28423435.0
MDA,2000,2924668.0
MDG,2000,16516338.0
MEX,2000,98625552.0
MKD,2000,2026350.0
MLI,2000,11559290.0
MMR,2000,45290841.0
MNG,2000,2388299.0
MOZ,2000,18129653.0
MRT,2000,2613441.0
MWI,2000,11315942.0
MYS,2000,22967816.0
NAM,2000,1818647.0
NER,2000,11509630.0
NGA,2000,126382494.0
NIC,2000,5022633.0
NLD,2000,15925513.0
NOR,2000,4490967.0
NZL,2000,3857700.0
OMN,2000,2282131.0
PAK,2000,154879127.0
PAN,2000,3010369.0
PER,2000,26598331.0
PHL,2000,79625397.0
PNG,2000,5537064.0
POL,2000,38258629.0
PRK,2000,23665910.0
PRT,2000,10289898.0
PRY,2000,5100868.0
QAT,2000,644989.0
ROU,2000,22442971.0
RUS,2000,146596869.0
SAU,2000,16177722.0
SDN,2000,27816745.0
SEN,2000,9968260.0
SGP,2000,4027887.0
SLE,2000,4423611.0
SLV,2000,5943366.0
SRB,2000,7516346.0
SSD,2000,6032267.0
SVK,2000,5388720.0
SVN,2000,1988925.0
SWE,2000,8872109.0
SYR,2000,16637888.0
TCD,2000,8512093.0
TGO,2000,5140037.0
THA,2000,63007815.0
TJK,2000,6284735.0
TKM,2000,4582677.0
TUN,2000,9764935.0
TUR,2000,65425961.0
TZA,2000,34260139.0
UGA,2000,24000150.0
UKR,2000,49556660.0
URY,2000,3266206.0
USA,2000,282162411.0
UZB,2000,24787054.0
VEN,2000,24526708.0
VNM,2000,77154011.0
YEM,2000,19624141.0
ZAF,2000,47159719.0
ZMB,2000,10017631.0
ZWE,2000,11892055.0
AFG,2001,20284307.0
AGO,2001,16747208.0
ALB,2001,3060173.0
ARE,2001,3723590.0
ARG,2001,37624825.0
ARM,2001,3211800.0
AUS,2001,19274701.0
AUT,2001,8042293.0
AZE,2001,8111200.0
BEL,2001,10286570.0
BEN,2001,7445596.0
BFA,2001,12295001.0
BGD,2001,136805810.0
BGR,2001,8009142.0
BIH,2001,4179438.0
BLR,2001,9928549.0
BOL,2001,8752736.0
BRA,2001,176301203.0
BWA,2001,1712254.0
CAN,2001,31020855.0
CHE,2001,7229854.0
CHL,2001,15683849.0
CHN,2001,1271850000.0
CIV,2001,18178913.0
CMR,2001,15309490.0
COD,2001,52132646.0
COG,2001,3272537.0
COL,2001,39709262.0
CRI,2001,4008947.0
CUB,2001,11144132.0
CZE,2001,10216605.0
DEU,2001,82349925.0
DNK,2001,5358783.0
DOM,2001,8720283.0
DZA,2001,31331221.0
ECU,2001,12910740.0
EGY,2001,74652029.0
ESP,2001,40850412.0
ETH,2001,69487762.0
FIN,2001,5188008.0
FRA,2001,61364377.0
GAB,2001,1309589.0
GBR,2001,59119673.0
GEO,2001,4014373.0
GHA,2001,20167069.0
GIN,2001,8539960.0
GRC,2001,10862132.0
GTM,2001,11969422.0
HKG,2001,6714300.0
HND,2001,6757993.0
HRV,2001,4299642.0
HUN,2001,10187576.0
IDN,2001,219097902.0
IND,2001,1077898575.0
IRL,2001,3866243.0
IRN,2001,67452005.0
IRQ,2001,25197840.0
ISR,2001,6439000.0
ITA,2001,56976981.0
JAM,2001,2624403.0
JOR,2001,5498894.0
JPN,2001,127149000.0
KAZ,2001,15575550.0
KEN,2001,31619170.0
KGZ,2001,4945073.0
KHM,2001,12658484.0
KOR,2001,47370164.0
KWT,2001,2008121.0
LAO,2001,5521482.0
LBN,2001,4401918.0
LBR,2001,3015338.0
LBY,2001,5403639.0
LKA,2001,19600362.0
LTU,2001,3470818.0
MAR,2001,28814643.0
MDA,2001,2918135.0
MDG,2001,17032939.0
MEX,2001,100099099.0
MKD,2001,2034882.0
MLI,2001,11912158.0
MMR,2001,45771139.0
MNG,2001,2417751.0
MOZ,2001,18537729.0
MRT,2001,2678760.0
MWI,2001,11593058.0
MYS,2001,23526538.0
NAM,2001,1857048.0
NER,2001,11920647.0
NGA,2001,129862595.0
NIC,2001,5087825.0
NLD,2001,16046180.0
NOR,2001,4513751.0
NZL,2001,3880500.0
OMN,2001,2310217.0
PAK,2001,159270907.0
PAN,2001,3069537.0
PER,2001,26964601.0
PHL,2001,81401488.0
PNG,2001,5728435.0
POL,2001,38248076.0
PRK,2001,23815358.0
PRT,2001,10362722.0
PRY,2001,5187689.0
QAT,2001,677925.0
ROU,2001,22131970.0
RUS,2001,145976482.0
SAU,2001,17041397.0
SDN,2001,28516770.0
SEN,2001,10212942.0
SGP,2001,4138012.0
SLE,2001,4692716.0
SLV,2001,5968060.0
SRB,2001,7503433.0
SSD,2001,6308391.0
SVK,2001,5378867.0
SVN,2001,1992060.0
SWE,2001,8895960.0
SYR,2001,17051338.0
TCD,2001,8804124.0
TGO,2001,5277382.0
THA,2001,63651141.0
TJK,2001,6407377.0
TKM,2001,4675409.0
TUN,2001,9869677.0
TUR,2001,66245128.0
TZA,2001,35198299.0
UGA,2001,24745676.0
UKR,2001,49106855.0
URY,2001,3274251.0
USA,2001,284968955.0
UZB,2001,25090283.0
VEN,2001,24979922.0
VNM,2001,77969361.0
YEM,2001,20226147.0
ZAF,2001,47566800.0
ZMB,2001,10325185.0
ZWE,2001,11971901.0
AFG,2002,21378117.0
AGO,2002,17327699.0
ALB,2002,3051010.0
ARE,2002,3956826.0
ARG,2002,38029349.0
ARM,2002,3199800.0
AUS,2002,19495210.0
AUT,2002,8081957.0
AZE,2002,8171950.0
BEL,2002,10332785.0
BEN,2002,7675426.0
BFA,2002,12680897.0
BGD,2002,138933658.0
BGR,2002,7837161.0
BIH,2002,4188002.0
BLR,2002,9865548.0
BOL,2002,8900355.0
BRA,2002,178503484.0
BWA,2002,1744763.0
CAN,2002,31359199.0
CHE,2002,7284753.0
CHL,2002,15857925.0
CHN,2002,1280400000.0
CIV,2002,18654771.0
CMR,2002,15725528.0
COD,2002,53750524.0
COG,2002,3350771.0
COL,2002,40324680.0
CRI,2002,4075705.0
CUB,2002,11177418.0
CZE,2002,10196916.0
DEU,2002,82488495.0
DNK,2002,5375931.0
DOM,2002,8852235.0
DZA,2002,31750835.0
ECU,2002,13138472.0
EGY,2002,76239137.0
ESP,2002,41431558.0
ETH,2002,71635517.0
FIN,2002,5200598.0
FRA,2002,61812142.0
GAB,2002,1345135.0
GBR,2002,59370479.0
GEO,2002,3978515.0
GHA,2002,20729388.0
GIN,2002,8674066.0
GRC,2002,10902022.0
GTM,2002,12246915.0
HKG,2002,6744100.0
HND,2002,6938859.0
HRV,2002,4302174.0
HUN,2002,10158608.0
IDN,2002,222088495.0
IND,2002,1097600380.0
IRL,2002,3931947.0
IRN,2002,68011317.0
IRQ,2002,26006559.0
ISR,2002,6570000.0
ITA,2002,57089824.0
JAM,2002,2640572.0
JOR,2002,5616066.0
JPN,2002,127445000.0
KAZ,2002,15656677.0
KEN,2002,32629808.0
KGZ,2002,4990704.0
KHM,2002,12855241.0
KOR,2002,47644736.0
KWT,2002,2059974.0
LAO,2002,5610889.0
LBN,2002,4463504.0
LBR,2002,3094782.0
LBY,2002,5508410.0
LKA,2002,19805752.0
LTU,2002,3443067.0
MAR,2002,29198142.0
MDA,2002,2911385.0
MDG,2002,17549913.0
MEX,2002,101548624.0
MKD,2002,2020157.0
MLI,2002,12288050.0
MMR,2002,46232653.0
MNG,2002,2449027.0
MOZ,2002,18958338.0
MRT,2002,2738655.0
MWI,2002,11880440.0
MYS,2002,24102477.0
NAM,2002,1889970.0
NER,2002,12349144.0
NGA,2002,133471989.0
NIC,2002,5149909.0
NLD,2002,16148929.0
NOR,2002,4538159.0
NZL,2002,3948500.0
OMN,2002,2337140.0
PAK,2002,163222549.0
PAN,2002,3129344.0
PER,2002,27288217.0
PHL,2002,83068889.0
PNG,2002,5924003.0
POL,2002,38230364.0
PRK,2002,23943973.0
PRT,2002,10419631.0
PRY,2002,5261328.0
QAT,2002,711205.0
ROU,2002,21730496.0
RUS,2002,145306497.0
SAU,2002,17910910.0
SDN,2002,29228727.0
SEN,2002,10466214.0
SGP,2002,4175950.0
SLE,2002,4971435.0
SLV,2002,5986631.0
SRB,2002,7500031.0
SSD,2002,6596806.0
SVK,2002,5376912.0
SVN,2002,1994530.0
SWE,2002,8924958.0
SYR,2002,17468332.0
TCD,2002,9116192.0
TGO,2002,5413274.0
THA,2002,64266437.0
TJK,2002,6531669.0
TKM,2002,4769465.0
TUN,2002,9971515.0
TUR,2002,67048795.0
TZA,2002,36121304.0
UGA,2002,25532870.0
UKR,2002,48677281.0
URY,2002,3278867.0
USA,2002,287625193.0
UZB,2002,25399980.0
VEN,2002,25435671.0
VNM,2002,78772224.0
YEM,2002,20835086.0
ZAF,2002,48019415.0
ZMB,2002,10647949.0
ZWE,2002,12087653.0
AFG,2003,22733049.0
AGO,2003,17943712.0
ALB,2003,3039616.0
ARE,2003,4192457.0
ARG,2003,38424282.0
ARM,2003,3182500.0
AUS,2003,19720737.0
AUT,2003,8121423.0
AZE,2003,8234100.0
BEL,2003,10376133.0
BEN,2003,7913070.0
BFA,2003,13082532.0
BGD,2003,140970351.0
BGR,2003,7775327.0
BIH,2003,4178523.0
BLR,2003,9796749.0
BOL,2003,9050700.0
BRA,2003,180622688.0
BWA,2003,1775736.0
CAN,2003,31642461.0
CHE,2003,7339001.0
CHL,2003,16024752.0
CHN,2003,1288400000.0
CIV,2003,19125542.0
CMR,2003,16160340.0
COD,2003,55343867.0
COG,2003,3445753.0
COL,2003,40937429.0
CRI,2003,4138784.0
CUB,2003,11209383.0
CZE,2003,10193998.0
DEU,2003,82534176.0
DNK,2003,5390574.0
DOM,2003,8980620.0
DZA,2003,32175818.0
ECU,2003,13372306.0
EGY,2003,77853548.0
ESP,2003,42187645.0
ETH,2003,73832663.0
FIN,2003,5213014.0
FRA,2003,62249855.0
GAB,2003,1382350.0
GBR,2003,59647577.0
GEO,2003,3951736.0
GHA,2003,21296705.0
GIN,2003,8870781.0
GRC,2003,10928070.0
GTM,2003,12525842.0
HKG,2003,6730800.0
HND,2003,7119213.0
HRV,2003,4303399.0
HUN,2003,10129552.0
IDN,2003,225048008.0
IND,2003,1116803006.0
IRL,2003,3996521.0
IRN,2003,68769340.0
IRQ,2003,26802659.0
ISR,2003,6689700.0
ITA,2003,57399184.0
JAM,2003,2656623.0
JOR,2003,5741828.0
JPN,2003,127718000.0
KAZ,2003,15747380.0
KEN,2003,33652223.0
KGZ,2003,5043308.0
KHM,2003,13050968.0
KOR,2003,47892330.0
KWT,2003,2109881.0
LAO,2003,5697945.0
LBN,2003,4525508.0
LBR,2003,3119532.0
LBY,2003,5619398.0
LKA,2003,19951521.0
LTU,2003,3415213.0
MAR,2003,29571415.0
MDA,2003,2903198.0
MDG,2003,18071854.0
MEX,2003,102978515.0
MKD,2003,2022725.0
MLI,2003,12684955.0
MMR,2003,46667192.0
MNG,2003,2480374.0
MOZ,2003,19392475.0
MRT,2003,2802046.0
MWI,2003,12181574.0
MYS,2003,24679602.0
NAM,2003,1917464.0
NER,2003,12796984.0
NGA,2003,137202644.0
NIC,2003,5210963.0
NLD,2003,16225302.0
NOR,2003,4564855.0
NZL,2003,4027200.0
OMN,2003,2363796.0
PAK,2003,167110248.0
PAN,2003,3189807.0
PER,2003,27580490.0
PHL,2003,84731835.0
PNG,2003,6123997.0
POL,2003,38204570.0
PRK,2003,24090380.0
PRT,2003,10458821.0
PRY,2003,5326436.0
QAT,2003,744682.0
ROU,2003,21574326.0
RUS,2003,144648618.0
SAU,2003,18786767.0
SDN,2003,29896035.0
SEN,2003,10721176.0
SGP,2003,4114826.0
SLE,2003,5177687.0
SLV,2003,5998599.0
SRB,2003,7480591.0
SSD,2003,6903127.0
SVK,2003,5373374.0
SVN,2003,1995733.0
SWE,2003,8958229.0
SYR,2003,17889296.0
TCD,2003,9487833.0
TGO,2003,5552167.0
THA,2003,64868166.0
TJK,2003,6658575.0
TKM,2003,4863865.0
TUN,2003,10071632.0
TUR,2003,67831730.0
TZA,2003,37089555.0
UGA,2003,26352124.0
UKR,2003,48315136.0
URY,2003,3281186.0
USA,2003,290107933.0
UZB,2003,25711259.0
VEN,2003,25892703.0
VNM,2003,79563777.0
YEM,2003,21456379.0
ZAF,2003,48500348.0
ZMB,2003,10983595.0
ZWE,2003,12232323.0
AFG,2004,23560654.0
AGO,2004,18600423.0
ALB,2004,3026939.0
ARE,2004,4428967.0
ARG,2004,38815916.0
ARM,2004,3164900.0
AUS,2004,19932722.0
AUT,2004,8171966.0
AZE,2004,8306500.0
BEL,2004,10421137.0
BEN,2004,8159094.0
BFA,2004,13500533.0
BGD,2004,142902856.0
BGR,2004,7716860.0
BIH,2004,4140987.0
BLR,2004,9730146.0
BOL,2004,9204287.0
BRA,2004,182675143.0
BWA,2004,1807146.0
CAN,2004,31938807.0
CHE,2004,7389625.0
CHL,2004,16187322.0
CHN,2004,1296075000.0
CIV,2004,19595000.0
CMR,2004,16610487.0
COD,2004,56997741.0
COG,2004,3565554.0
COL,2004,41543171.0
CRI,2004,4200078.0
CUB,2004,11238756.0
CZE,2004,10197101.0
DEU,2004,82516260.0
DNK,2004,5404523.0
DOM,2004,9104892.0
DZA,2004,32628286.0
ECU,2004,13608701.0
EGY,2004,79477443.0
ESP,2004,42921895.0
ETH,2004,76077206.0
FIN,2004,5228172.0
FRA,2004,62707588.0
GAB,2004,1421609.0
GBR,2004,59987905.0
GEO,2004,3927340.0
GHA,2004,21868298.0
GIN,2004,9062726.0
GRC,2004,10955141.0
GTM,2004,12807402.0
HKG,2004,6783500.0
HND,2004,7298994.0
HRV,2004,4304600.0
HUN,2004,10107146.0
IDN,2004,227926649.0
IND,2004,1135991513.0
IRL,2004,4070262.0
IRN,2004,70256316.0
IRQ,2004,27577878.0
ISR,2004,6809000.0
ITA,2004,57828179.0
JAM,2004,2672225.0
JOR,2004,5882061.0
JPN,2004,127761000.0
KAZ,2004,15850159.0
KEN,2004,34713455.0
KGZ,2004,5104713.0
KHM,2004,13244731.0
KOR,2004,48082519.0
KWT,2004,2157320.0
LAO,2004,5781626.0
LBN,2004,4599279.0
LBR,2004,3156892.0
LBY,2004,5736693.0
LKA,2004,20087605.0
LTU,2004,3377075.0
MAR,2004,29953018.0
MDA,2004,2896023.0
MDG,2004,18606608.0
MEX,2004,104394131.0
MKD,2004,2016186.0
MLI,2004,13102409.0
MMR,2004,47068772.0
MNG,2004,2508412.0
MOZ,2004,19840313.0
MRT,2004,2868664.0
MWI,2004,12500737.0
MYS,2004,25256772.0
NAM,2004,1942082.0
NER,2004,13265836.0
NGA,2004,141057045.0
NIC,2004,5272912.0
NLD,2004,16281779.0
NOR,2004,4591910.0
NZL,2004,4087500.0
OMN,2004,2404821.0
PAK,2004,171286000.0
PAN,2004,3251155.0
PER,2004,27852190.0
PHL,2004,86394504.0
PNG,2004,6328041.0
POL,2004,38182222.0
PRK,2004,24254943.0
PRT,2004,10483861.0
PRY,2004,5388175.0
QAT,2004,773332.0
ROU,2004,21451748.0
RUS,2004,144067316.0
SAU,2004,19669480.0
SDN,2004,30556637.0
SEN,2004,10975704.0
SGP,2004,4166664.0
SLE,2004,5355717.0
SLV,2004,6004671.0
SRB,2004,7463157.0
SSD,2004,7233041.0
SVK,2004,5372280.0
SVN,2004,1997012.0
SWE,2004,8993531.0
SYR,2004,18336875.0
TCD,2004,9920036.0
TGO,2004,5696508.0
THA,2004,65452047.0
TJK,2004,6790547.0
TKM,2004,4958093.0
TUN,2004,10166163.0
TUR,2004,68592617.0
TZA,2004,38109668.0
UGA,2004,27154515.0
UKR,2004,47979507.0
URY,2004,3283148.0
USA,2004,292805298.0
UZB,2004,26029350.0
VEN,2004,26340838.0
VNM,2004,80338971.0
YEM,2004,22095167.0
ZAF,2004,48991421.0
ZMB,2004,11338198.0
ZWE,2004,12365896.0
AFG,2005,24404567.0
AGO,2005,19291161.0
ALB,2005,3011487.0
ARE,2005,4664790.0
ARG,2005,39216789.0
ARM,2005,3146400.0
AUS,2005,20176844.0
AUT,2005,8227829.0
AZE,2005,8391850.0
BEL,2005,10478617.0
BEN,2005,8426144.0
BFA,2005,13932123.0
BGD,2005,144715786.0
BGR,2005,7658972.0
BIH,2005,4096493.0
BLR,2005,9663915.0
BOL,2005,9360754.0
BRA,2005,184688101.0
BWA,2005,1839877.0
CAN,2005,32242732.0
CHE,2005,7437115.0
CHL,2005,16348778.0
CHN,2005,1303720000.0
CIV,2005,20068458.0
CMR,2005,17074594.0
COD,2005,58775724.0
COG,2005,3696393.0
COL,2005,42128977.0
CRI,2005,4261240.0
CUB,2005,11262554.0
CZE,2005,10211216.0
DEU,2005,82469422.0
DNK,2005,5419432.0
DOM,2005,9225034.0
DZA,2005,33109249.0
ECU,2005,13846163.0
EGY,2005,81101004.0
ESP,2005,43653155.0
ETH,2005,78367470.0
FIN,2005,5246096.0
FRA,2005,63180854.0
GAB,2005,1463495.0
GBR,2005,60401206.0
GEO,2005,3902469.0
GHA,2005,22449438.0
GIN,2005,9245844.0
GRC,2005,10987314.0
GTM,2005,13087629.0
HKG,2005,6813200.0
HND,2005,7478355.0
HRV,2005,4310145.0
HUN,2005,10087065.0
IDN,2005,230871650.0
IND,2005,1154676322.0
IRL,2005,4159914.0
IRN,2005,71828455.0
IRQ,2005,28407448.0
ISR,2005,6930100.0
ITA,2005,58166682.0
JAM,2005,2687066.0
JOR,2005,6029587.0
JPN,2005,127773000.0
KAZ,2005,15968117.0
KEN,2005,35796484.0
KGZ,2005,5162640.0
KHM,2005,13439202.0
KOR,2005,48184561.0
KWT,2005,2236788.0
LAO,2005,5869523.0
LBN,2005,4671102.0
LBR,2005,3301015.0
LBY,2005,5858798.0
LKA,2005,20216524.0
LTU,2005,3322528.0
MAR,2005,30358144.0
MDA,2005,2888985.0
MDG,2005,19159707.0
MEX,2005,105811504.0
MKD,2005,2005330.0
MLI,2005,13538647.0
MMR,2005,47438365.0
MNG,2005,2536407.0
MOZ,2005,20304569.0
MRT,2005,2939059.0
MWI,2005,12840031.0
MYS,2005,25836071.0
NAM,2005,1966582.0
NER,2005,13756192.0
NGA,2005,145017253.0
NIC,2005,5342105.0
NLD,2005,16319868.0
NOR,2005,4623291.0
NZL,2005,4133900.0
OMN,2005,2459802.0
PAK,2005,175453212.0
PAN,2005,3313026.0
PER,2005,28101180.0
PHL,2005,88015962.0
PNG,2005,6535905.0
POL,2005,38165445.0
PRK,2005,24396433.0
PRT,2005,10503330.0
PRY,2005,5448097.0
QAT,2005,825408.0
ROU,2005,21319685.0
RUS,2005,143518814.0
SAU,2005,20559890.0
SDN,2005,31262444.0
SEN,2005,11235472.0
SGP,2005,4265762.0
SLE,2005,5501712.0
SLV,2005,6005578.0
SRB,2005,7440769.0
SSD,2005,7590143.0
SVK,2005,5372807.0
SVN,2005,2000474.0
SWE,2005,9029572.0
SYR,2005,18814091.0
TCD,2005,10328092.0
TGO,2005,5844631.0
THA,2005,66017420.0
TJK,2005,6924720.0
TKM,2005,5052257.0
TUN,2005,10255472.0
TUR,2005,69329557.0
TZA,2005,39182076.0
UGA,2005,27963289.0
UKR,2005,47585556.0
URY,2005,3285771.0
USA,2005,295516599.0
UZB,2005,26356975.0
VEN,2005,26785804.0
VNM,2005,81088313.0
YEM,2005,22790085.0
ZAF,2005,49490033.0
ZMB,2005,11718819.0
ZWE,2005,12483432.0
AFG,2006,25424094.0
AGO,2006,20015279.0
ALB,2006,2992547.0
ARE,2006,5009100.0
ARG,2006,39622115.0
ARM,2006,3127100.0
AUS,2006,20450966.0
AUT,2006,8268641.0
AZE,2006,8484550.0
BEL,2006,10547958.0
BEN,2006,8693242.0
BFA,2006,14373707.0
BGD,2006,146405973.0
BGR,2006,7601022.0
BIH,2006,4063272.0
BLR,2006,9604924.0
BOL,2006,9521689.0
BRA,2006,186653106.0
BWA,2006,1874516.0
CAN,2006,32571193.0
CHE,2006,7483934.0
CHL,2006,16509195.0
CHN,2006,1311020000.0
CIV,2006,20546802.0
CMR,2006,17550407.0
COD,2006,60615908.0
COG,2006,3837409.0
COL,2006,42691084.0
CRI,2006,4321340.0
CUB,2006,11278550.0
CZE,2006,10238905.0
DEU,2006,82376451.0
DNK,2006,5437272.0
DOM,2006,9341183.0
DZA,2006,33623506.0
ECU,2006,14086131.0
EGY,2006,82700403.0
ESP,2006,44397319.0
ETH,2006,80703490.0
FIN,2006,5266268.0
FRA,2006,63622342.0
GAB,2006,1508337.0
GBR,2006,60846820.0
GEO,2006,3880347.0
GHA,2006,23040702.0
GIN,2006,9441171.0
GRC,2006,11020362.0
GTM,2006,13367459.0
HKG,2006,6857100.0
HND,2006,7656832.0
HRV,2006,4311159.0
HUN,2006,10071370.0
IDN,2006,233951652.0
IND,2006,1172878890.0
IRL,2006,4273591.0
IRN,2006,73392747.0
IRQ,2006,28616515.0
ISR,2006,7053700.0
ITA,2006,58399861.0
JAM,2006,2700968.0
JOR,2006,6427371.0
JPN,2006,127854000.0
KAZ,2006,16103716.0
KEN,2006,36904008.0
KGZ,2006,5218373.0
KHM,2006,13639028.0
KOR,2006,48438292.0
KWT,2006,2364733.0
LAO,2006,5963200.0
LBN,2006,4751136.0
LBR,2006,3490787.0
LBY,2006,5980211.0
LKA,2006,20352411.0
LTU,2006,3269909.0
MAR,2006,30771178.0
MDA,2006,2880967.0
MDG,2006,19730909.0
MEX,2006,107253666.0
MKD,2006,1994287.0
MLI,2006,13990139.0
MMR,2006,47785135.0
MNG,2006,2567168.0
MOZ,2006,20787087.0
MRT,2006,3013660.0
MWI,2006,13198701.0
MYS,2006,26417909.0
NAM,2006,1991888.0
NER,2006,14268581.0
NGA,2006,149077334.0
NIC,2006,5418855.0
NLD,2006,16346101.0
NOR,2006,4660677.0
NZL,2006,4184600.0
OMN,2006,2514795.0
PAK,2006,179682690.0
PAN,2006,3375024.0
PER,2006,28324491.0
PHL,2006,89508986.0
PNG,2006,6747720.0
POL,2006,38141267.0
PRK,2006,24524507.0
PRT,2006,10522288.0
PRY,2006,5505148.0
QAT,2006,972831.0
ROU,2006,21193760.0
RUS,2006,143049637.0
SAU,2006,21459144.0
SDN,2006,31992435.0
SEN,2006,11500094.0
SGP,2006,4401365.0
SLE,2006,5624466.0
SLV,2006,6002319.0
SRB,2006,7411569.0
SSD,2006,7976526.0
SVK,2006,5373054.0
SVN,2006,2006868.0
SWE,2006,9080505.0
SYR,2006,19637022.0
TCD,2006,10706424.0
TGO,2006,6010668.0
THA,2006,66567687.0
TJK,2006,7057566.0
TKM,2006,5147105.0
TUN,2006,10346410.0
TUR,2006,70045349.0
TZA,2006,40294902.0
UGA,2006,28794003.0
UKR,2006,47278694.0
URY,2006,3289506.0
USA,2006,298379912.0
UZB,2006,26699043.0
VEN,2006,27224686.0
VNM,2006,82167897.0
YEM,2006,23543083.0
ZAF,2006,49998277.0
ZMB,2006,12129553.0
ZWE,2006,12636445.0
AFG,2007,25909852.0
AGO,2007,20778561.0
ALB,2007,2970017.0
ARE,2007,5624635.0
ARG,2007,40016763.0
ARM,2007,3107400.0
AUS,2007,20827622.0
AUT,2007,8295487.0
AZE,2007,8581300.0
BEL,2007,10625700.0
BEN,2007,8953969.0
BFA,2007,14816307.0
BGD,2007,147989278.0
BGR,2007,7545338.0
BIH,2007,4013424.0
BLR,2007,9560953.0
BOL,2007,9685960.0
BRA,2007,188552320.0
BWA,2007,1911201.0
CAN,2007,32888886.0
CHE,2007,7551117.0
CHL,2007,16671581.0
CHN,2007,1317885000.0
CIV,2007,21030558.0
CMR,2007,18049896.0
COD,2007,62477752.0
COG,2007,3980430.0
COL,2007,43235374.0
CRI,2007,4380248.0
CUB,2007,11287272.0
CZE,2007,10298828.0
DEU,2007,82266372.0
DNK,2007,5461438.0
DOM,2007,9455658.0
DZA,2007,34189416.0
ECU,2007,14328773.0
EGY,2007,84276225.0
ESP,2007,45226803.0
ETH,2007,83103217.0
FIN,2007,5288720.0
FRA,2007,64016890.0
GAB,2007,1556237.0
GBR,2007,61322463.0
GEO,2007,3860158.0
GHA,2007,23642279.0
GIN,2007,9662281.0
GRC,2007,11048473.0
GTM,2007,13652040.0
HKG,2007,6916300.0
HND,2007,7834798.0
HRV,2007,4310217.0
HUN,2007,10055780.0
IDN,2007,237062337.0
IND,2007,1190676021.0
IRL,2007,4398942.0
IRN,2007,74602648.0
IRQ,2007,28391607.0
ISR,2007,7180100.0
ITA,2007,58756247.0
JAM,2007,2713800.0
JOR,2007,6827227.0
JPN,2007,128001000.0
KAZ,2007,16257214.0
KEN,2007,38036349.0
KGZ,2007,5268385.0
KHM,2007,13841770.0
KOR,2007,48683638.0
KWT,2007,2507887.0
LAO,2007,6056236.0
LBN,2007,4844118.0
LBR,2007,3669050.0
LBY,2007,6104380.0
LKA,2007,20492545.0
LTU,2007,3231294.0
MAR,2007,31186468.0
MDA,2007,2874299.0
MDG,2007,20318583.0
MEX,2007,108774360.0
MKD,2007,1982933.0
MLI,2007,14457775.0
MMR,2007,48125043.0
MNG,2007,2601850.0
MOZ,2007,21287635.0
MRT,2007,3093059.0
MWI,2007,13576343.0
MYS,2007,26998389.0
NAM,2007,2018600.0
NER,2007,14803610.0
NGA,2007,153267261.0
NIC,2007,5497243.0
NLD,2007,16381696.0
NOR,2007,4709153.0
NZL,2007,4223800.0
OMN,2007,2570174.0
PAK,2007,184493231.0
PAN,2007,3437490.0
PER,2007,28530699.0
PHL,2007,91075184.0
PNG,2007,6963345.0
POL,2007,38120560.0
PRK,2007,24646383.0
PRT,2007,10542964.0
PRY,2007,5559386.0
QAT,2007,1208595.0
ROU,2007,20882982.0
RUS,2007,142805114.0
SAU,2007,22368313.0
SDN,2007,32764135.0
SEN,2007,11770344.0
SGP,2007,4588599.0
SLE,2007,5749352.0
SLV,2007,6009824.0
SRB,2007,7381579.0
SSD,2007,8388788.0
SVK,2007,5374622.0
SVN,2007,2018122.0
SWE,2007,9148092.0
SYR,2007,20884125.0
TCD,2007,11081660.0
TGO,2007,6188344.0
THA,2007,67102394.0
TJK,2007,7194477.0
TKM,2007,5244046.0
TUN,2007,10441702.0
TUR,2007,70158112.0
TZA,2007,41435512.0
UGA,2007,29653430.0
UKR,2007,47062798.0
URY,2007,3295153.0
USA,2007,301231207.0
UZB,2007,27076008.0
VEN,2007,27649363.0
VNM,2007,83633375.0
YEM,2007,24318082.0
ZAF,2007,50528584.0
ZMB,2007,12565085.0
ZWE,2007,12804058.0
AFG,2008,26482622.0
AGO,2008,21578655.0
ALB,2008,2947314.0
ARE,2008,6302664.0
ARG,2008,40424148.0
ARM,2008,3087100.0
AUS,2008,21249199.0
AUT,2008,8321496.0
AZE,2008,8763400.0
BEL,2008,10709973.0
BEN,2008,9228466.0
BFA,2008,15258093.0
BGD,2008,149474264.0
BGR,2008,7492561.0
BIH,2008,3947544.0
BLR,2008,9527985.0
BOL,2008,9850858.0
BRA,2008,190367302.0
BWA,2008,1949970.0
CAN,2008,33247298.0
CHE,2008,7647675.0
CHL,2008,16838988.0
CHN,2008,1324655000.0
CIV,2008,21514439.0
CMR,2008,18574056.0
COD,2008,64390664.0
COG,2008,4113517.0
COL,2008,43758808.0
CRI,2008,4440056.0
CUB,2008,11291762.0
CZE,2008,10384603.0
DEU,2008,82110097.0
DNK,2008,5493621.0
DOM,2008,9573130.0
DZA,2008,34816961.0
ECU,2008,14575202.0
EGY,2008,85864789.0
ESP,2008,45954106.0
ETH,2008,85543668.0
FIN,2008,5313399.0
FRA,2008,64375116.0
GAB,2008,1607175.0
GBR,2008,61806995.0
GEO,2008,3848449.0
GHA,2008,24249946.0
GIN,2008,9898870.0
GRC,2008,11077841.0
GTM,2008,13935174.0
HKG,2008,6957800.0
HND,2008,8012587.0
HRV,2008,4309705.0
HUN,2008,10038188.0
IDN,2008,240157903.0
IND,2008,1207930964.0
IRL,2008,4489544.0
IRN,2008,75514204.0
IRQ,2008,28971036.0
ISR,2008,7308800.0
ITA,2008,59211181.0
JAM,2008,2725635.0
JOR,2008,6989866.0
JPN,2008,128063000.0
KAZ,2008,16426525.0
KEN,2008,39206351.0
KGZ,2008,5318729.0
KHM,2008,14053479.0
KOR,2008,49054708.0
KWT,2008,2651421.0
LAO,2008,6148969.0
LBN,2008,4925354.0
LBR,2008,3821003.0
LBY,2008,6235430.0
LKA,2008,20629378.0
LTU,2008,3198231.0
MAR,2008,31606767.0
MDA,2008,2868833.0
MDG,2008,20923840.0
MEX,2008,110374288.0
MKD,2008,1971493.0
MLI,2008,14940782.0
MMR,2008,48390793.0
MNG,2008,2643201.0
MOZ,2008,21819036.0
MRT,2008,3183269.0
MWI,2008,13976417.0
MYS,2008,27570059.0
NAM,2008,2047056.0
NER,2008,15361915.0
NGA,2008,157595014.0
NIC,2008,5576593.0
NLD,2008,16445593.0
NOR,2008,4768212.0
NZL,2008,4259800.0
OMN,2008,2626529.0
PAK,2008,189499113.0
PAN,2008,3500648.0
PER,2008,28719041.0
PHL,2008,92699095.0
PNG,2008,7183002.0
POL,2008,38125759.0
PRK,2008,24764618.0
PRT,2008,10558177.0
PRY,2008,5613574.0
QAT,2008,1426938.0
ROU,2008,20537875.0
RUS,2008,142742366.0
SAU,2008,23287877.0
SDN,2008,33623980.0
SEN,2008,12048959.0
SGP,2008,4839396.0
SLE,2008,5894722.0
SLV,2008,6029297.0
SRB,2008,7350222.0
SSD,2008,8817647.0
SVK,2008,5379233.0
SVN,2008,2021316.0
SWE,2008,9219637.0
SYR,2008,21636564.0
TCD,2008,11476296.0
TGO,2008,6368812.0
THA,2008,67619830.0
TJK,2008,7338403.0
TKM,2008,5345029.0
TUN,2008,10542635.0
TUR,2008,71051678.0
TZA,2008,42570728.0
UGA,2008,30539553.0
UKR,2008,46819175.0
URY,2008,3302177.0
USA,2008,304093966.0
UZB,2008,27494774.0
VEN,2008,28053696.0
VNM,2008,85175788.0
YEM,2008,25111941.0
ZAF,2008,51114599.0
ZMB,2008,13021324.0
ZWE,2008,12959149.0
AFG,2009,27466101.0
AGO,2009,22414773.0
ALB,2009,2927519.0
ARE,2009,6707058.0
ARG,2009,40854831.0
ARM,2009,3066000.0
AUS,2009,21691653.0
AUT,2009,8343323.0
AZE,2009,8947243.0
BEL,2009,10796493.0
BEN,2009,9509423.0
BFA,2009,15710066.0
BGD,2009,150873714.0
BGR,2009,7444443.0
BIH,2009,3879794.0
BLR,2009,9504583.0
BOL,2009,10016275.0
BRA,2009,192079951.0
BWA,2009,1990673.0
CAN,2009,33630069.0
CHE,2009,7743831.0
CHL,2009,17009731.0
CHN,2009,1331260000.0
CIV,2009,21997940.0
CMR,2009,19113974.0
COD,2009,66412044.0
COG,2009,4281219.0
COL,2009,44271541.0
CRI,2009,4499791.0
CUB,2009,11294719.0
CZE,2009,10443936.0
DEU,2009,81902307.0
DNK,2009,5523095.0
DOM,2009,9695265.0
DZA,2009,35490445.0
ECU,2009,14825954.0
EGY,2009,87501636.0
ESP,2009,46362946.0
ETH,2009,88007636.0
FIN,2009,5338871.0
FRA,2009,64706436.0
GAB,2009,1661556.0
GBR,2009,62276270.0
GEO,2009,3814419.0
GHA,2009,24862664.0
GIN,2009,10143534.0
GRC,2009,11107017.0
GTM,2009,14215611.0
HKG,2009,6972800.0
HND,2009,8189899.0
HRV,2009,4305181.0
HUN,2009,10022650.0
IDN,2009,243220028.0
IND,2009,1225524753.0
IRL,2009,4535375.0
IRN,2009,76457825.0
IRQ,2009,30058206.0
ISR,2009,7485600.0
ITA,2009,59555454.0
JAM,2009,2736995.0
JOR,2009,7141753.0
JPN,2009,128047000.0
KAZ,2009,16619846.0
KEN,2009,40408891.0
KGZ,2009,5389643.0
KHM,2009,14276810.0
KOR,2009,49307835.0
KWT,2009,2795484.0
LAO,2009,6241642.0
LBN,2009,4992287.0
LBR,2009,3943028.0
LBY,2009,6366686.0
LKA,2009,20756435.0
LTU,2009,3162916.0
MAR,2009,32030778.0
MDA,2009,2865213.0
MDG,2009,21547280.0
MEX,2009,111999721.0
MKD,2009,1958782.0
MLI,2009,15435539.0
MMR,2009,48660459.0
MNG,2009,2691115.0
MOZ,2009,22391745.0
MRT,2009,3284448.0
MWI,2009,14395788.0
MYS,2009,28124778.0
NAM,2009,2077394.0
NER,2009,15943675.0
NGA,2009,162049464.0
NIC,2009,5656601.0
NLD,2009,16530388.0
NOR,2009,4828726.0
NZL,2009,4302600.0
OMN,2009,2684659.0
PAK,2009,194376534.0
PAN,2009,3564381.0
PER,2009,28896811.0
PHL,2009,94384250.0
PNG,2009,7406438.0
POL,2009,38151603.0
PRK,2009,24878332.0
PRT,2009,10568247.0
PRY,2009,5671236.0
QAT,2009,1608903.0
ROU,2009,20367487.0
RUS,2009,142785348.0
SAU,2009,24217654.0
SDN,2009,34569113.0
SEN,2009,12337389.0
SGP,2009,4987573.0
SLE,2009,6055646.0
SLV,2009,6048279.0
SRB,2009,7320807.0
SSD,2009,9243556.0
SVK,2009,5386406.0
SVN,2009,2039669.0
SWE,2009,9298515.0
SYR,2009,21976969.0
TCD,2009,11893754.0
TGO,2009,6551865.0
THA,2009,68121080.0
TJK,2009,7490230.0
TKM,2009,5451592.0
TUN,2009,10650681.0
TUR,2009,72039206.0
TZA,2009,43633982.0
UGA,2009,31451151.0
UKR,2009,46623731.0
URY,2009,3310091.0
USA,2009,306771529.0
UZB,2009,27939328.0
VEN,2009,28438298.0
VNM,2009,86460018.0
YEM,2009,25927724.0
ZAF,2009,51728516.0
ZMB,2009,13490389.0
ZWE,2009,13142790.0
AFG,2010,28284089.0
AGO,2010,23294825.0
ALB,2010,2913021.0
ARE,2010,6869838.0
ARG,2010,41288694.0
ARM,2010,3044800.0
AUS,2010,22031750.0
AUT,2010,8363404.0
AZE,2010,9054332.0
BEL,2010,10895586.0
BEN,2010,9797484.0
BFA,2010,16176498.0
BGD,2010,152201981.0
BGR,2010,7395599.0
BIH,2010,3811472.0
BLR,2010,9483836.0
BOL,2010,10182345.0
BRA,2010,193701929.0
BWA,2010,2033111.0
CAN,2010,34005902.0
CHE,2010,7824909.0
CHL,2010,17181464.0
CHN,2010,1337705000.0
CIV,2010,22488065.0
CMR,2010,19668066.0
COD,2010,68563038.0
COG,2010,4462290.0
COL,2010,44777319.0
CRI,2010,4555962.0
CUB,2010,11297409.0
CZE,2010,10474410.0
DEU,2010,81776930.0
DNK,2010,5547683.0
DOM,2010,9820175.0
DZA,2010,36188236.0
ECU,2010,15076695.0
EGY,2010,89196072.0
ESP,2010,46576897.0
ETH,2010,90538514.0
FIN,2010,5363352.0
FRA,2010,65026211.0
GAB,2010,1719879.0
GBR,2010,62766365.0
GEO,2010,3786695.0
GHA,2010,25474995.0
GIN,2010,10396086.0
GRC,2010,11121341.0
GTM,2010,14500112.0
HKG,2010,7024200.0
HND,2010,8365878.0
HRV,2010,4295427.0
HUN,2010,10000023.0
IDN,2010,246305322.0
IND,2010,1243481564.0
IRL,2010,4560155.0
IRN,2010,77420842.0
IRQ,2010,31045366.0
ISR,2010,7623600.0
ITA,2010,59819407.0
JAM,2010,2748568.0
JOR,2010,7297043.0
JPN,2010,128070000.0
KAZ,2010,16836810.0
KEN,2010,41598567.0
KGZ,2010,5467059.0
KHM,2010,14500726.0
KOR,2010,49554112.0
KWT,2010,2943372.0
LAO,2010,6334194.0
LBN,2010,5041288.0
LBR,2010,4058890.0
LBY,2010,6497839.0
LKA,2010,20879089.0
LTU,2010,3097282.0
MAR,2010,32467016.0
MDA,2010,2862354.0
MDG,2010,22183340.0
MEX,2010,113623895.0
MKD,2010,1946298.0
MLI,2010,15945198.0
MMR,2010,49024382.0
MNG,2010,2738622.0
MOZ,2010,22999235.0
MRT,2010,3390965.0
MWI,2010,14826463.0
MYS,2010,28655776.0
NAM,2010,2109811.0
NER,2010,16548835.0
NGA,2010,166642886.0
NIC,2010,5737450.0
NLD,2010,16615394.0
NOR,2010,4889252.0
NZL,2010,4350700.0
OMN,2010,2757446.0
PAK,2010,199239047.0
PAN,2010,3628535.0
PER,2010,29086019.0
PHL,2010,96337125.0
PNG,2010,7633523.0
POL,2010,38042794.0
PRK,2010,24987258.0
PRT,2010,10573100.0
PRY,2010,5737971.0
QAT,2010,1616832.0
ROU,2010,20246871.0
RUS,2010,142849468.0
SAU,2010,23978487.0
SDN,2010,35414399.0
SEN,2010,12635413.0
SGP,2010,5076732.0
SLE,2010,6222714.0
SLV,2010,6068249.0
SRB,2010,7291436.0
SSD,2010,9745953.0
SVK,2010,5391428.0
SVN,2010,2048583.0
SWE,2010,9378126.0
SYR,2010,22482421.0
TCD,2010,12312575.0
TGO,2010,6732590.0
THA,2010,68579447.0
TJK,2010,7652141.0
TKM,2010,5564356.0
TUN,2010,10765980.0
TUR,2010,73142150.0
TZA,2010,44758488.0
UGA,2010,32390802.0
UKR,2010,46456003.0
URY,2010,3318580.0
USA,2010,309378227.0
UZB,2010,28385506.0
VEN,2010,28813101.0
VNM,2010,87455152.0
YEM,2010,26754387.0
ZAF,2010,52344051.0
ZMB,2010,13965594.0
ZWE,2010,13356548.0
AFG,2011,29347708.0
AGO,2011,24218352.0
ALB,2011,2905195.0
ARE,2011,7104538.0
ARG,2011,41730660.0
ARM,2011,3027900.0
AUS,2011,22340024.0
AUT,2011,8391643.0
AZE,2011,9173082.0
BEL,2011,11038264.0
BEN,2011,10093623.0
BFA,2011,16661908.0
BGD,2011,153591076.0
BGR,2011,7348328.0
BIH,2011,3741798.0
BLR,2011,9461643.0
BOL,2011,10348929.0
BRA,2011,195284734.0
BWA,2011,2073535.0
CAN,2011,34339221.0
CHE,2011,7912398.0
CHL,2011,17351816.0
CHN,2011,1345035000.0
CIV,2011,22982000.0
CMR,2011,20232304.0
COD,2011,70849311.0
COG,2011,4609724.0
COL,2011,45259614.0
CRI,2011,4609833.0
CUB,2011,11301571.0
CZE,2011,10496088.0
DEU,2011,80274983.0
DNK,2011,5570572.0
DOM,2011,9945621.0
DZA,2011,36903376.0
ECU,2011,15326227.0
EGY,2011,91093059.0
ESP,2011,46742697.0
ETH,2011,93149970.0
FIN,2011,5388272.0
FRA,2011,65340830.0
GAB,2011,1781985.0
GBR,2011,63258810.0
GEO,2011,3756441.0
GHA,2011,26095088.0
GIN,2011,10656810.0
GRC,2011,11104899.0
GTM,2011,14792126.0
HKG,2011,7071600.0
HND,2011,8540583.0
HRV,2011,4280622.0
HUN,2011,9971727.0
IDN,2011,249470032.0
IND,2011,1261224954.0
IRL,2011,4580084.0
IRN,2011,78383598.0
IRQ,2011,32161424.0
ISR,2011,7765800.0
ITA,2011,60026841.0
JAM,2011,2760494.0
JOR,2011,7480424.0
JPN,2011,127833000.0
KAZ,2011,17066002.0
KEN,2011,42758461.0
KGZ,2011,5546587.0
KHM,2011,14722584.0
KOR,2011,49936638.0
KWT,2011,3132814.0
LAO,2011,6426590.0
LBN,2011,5096020.0
LBR,2011,4221178.0
LBY,2011,6343203.0
LKA,2011,21009048.0
LTU,2011,3028115.0
MAR,2011,32912588.0
MDA,2011,2860699.0
MDG,2011,22822300.0
MEX,2011,115243504.0
MKD,2011,1937398.0
MLI,2011,16469049.0
MMR,2011,49419820.0
MNG,2011,2786317.0
MOZ,2011,23649039.0
MRT,2011,3502811.0
MWI,2011,15265022.0
MYS,2011,29162039.0
NAM,2011,2146325.0
NER,2011,17176283.0
NGA,2011,171379598.0
NIC,2011,5819051.0
NLD,2011,16693074.0
NOR,2011,4953088.0
NZL,2011,4384000.0
OMN,2011,3076763.0
PAK,2011,203746065.0
PAN,2011,3693505.0
PER,2011,29304086.0
PHL,2011,98248614.0
PNG,2011,7859346.0
POL,2011,38063255.0
PRK,2011,25097874.0
PRT,2011,10557560.0
PRY,2011,5814626.0
QAT,2011,1624761.0
ROU,2011,20147528.0
RUS,2011,143018195.0
SAU,2011,25091867.0
SDN,2011,36140806.0
SEN,2011,12958897.0
SGP,2011,5183688.0
SLE,2011,6387251.0
SLV,2011,6090127.0
SRB,2011,7236519.0
SSD,2011,10288109.0
SVK,2011,5398384.0
SVN,2011,2052843.0
SWE,2011,9449213.0
SYR,2011,22878098.0
TCD,2011,12754997.0
TGO,2011,6916474.0
THA,2011,69007208.0
TJK,2011,7824785.0
TKM,2011,5683417.0
TUN,2011,10886035.0
TUR,2011,74223629.0
TZA,2011,46029367.0
UGA,2011,33354543.0
UKR,2011,46307853.0
URY,2011,3326825.0
USA,2011,311839461.0
UZB,2011,28823196.0
VEN,2011,29185212.0
VNM,2011,88468314.0
YEM,2011,27582897.0
ZAF,2011,52995205.0
ZMB,2011,14437796.0
ZWE,2011,13595424.0
AFG,2012,30560034.0
AGO,2012,25177394.0
ALB,2012,2860708.0
ARE,2012,7391448.0
ARG,2012,42161721.0
ARM,2012,3024100.0
AUS,2012,22733465.0
AUT,2012,8429991.0
AZE,2012,9295784.0
BEL,2012,11106932.0
BEN,2012,10397657.0
BFA,2012,17172287.0
BGD,2012,155070101.0
BGR,2012,7305888.0
BIH,2012,3670113.0
BLR,2012,9446836.0
BOL,2012,10515807.0
BRA,2012,196876111.0
BWA,2012,2108617.0
CAN,2012,34713395.0
CHE,2012,7996861.0
CHL,2012,17519119.0
CHN,2012,1354190000.0
CIV,2012,23467078.0
CMR,2012,20809529.0
COD,2012,73254618.0
COG,2012,4740450.0
COL,2012,45715810.0
CRI,2012,4663934.0
CUB,2012,11303175.0
CZE,2012,10510785.0
DEU,2012,80425823.0
DNK,2012,5591572.0
DOM,2012,10070411.0
DZA,2012,37646166.0
ECU,2012,15572194.0
EGY,2012,93161001.0
ESP,2012,46773055.0
ETH,2012,95798767.0
FIN,2012,5413971.0
FRA,2012,65657659.0
GAB,2012,1846889.0
GBR,2012,63711000.0
GEO,2012,3728874.0
GHA,2012,26734268.0
GIN,2012,10921581.0
GRC,2012,11045011.0
GTM,2012,15089647.0
HKG,2012,7150100.0
HND,2012,8715076.0
HRV,2012,4260368.0
HUN,2012,9920362.0
IDN,2012,252698525.0
IND,2012,1278674502.0
IRL,2012,4599533.0
IRN,2012,79370580.0
IRQ,2012,33654842.0
ISR,2012,7910500.0
ITA,2012,60191247.0
JAM,2012,2772430.0
JOR,2012,7587127.0
JPN,2012,127629000.0
KAZ,2012,17306106.0
KEN,2012,43888303.0
KGZ,2012,5652076.0
KHM,2012,14945085.0
KOR,2012,50199853.0
KWT,2012,3337109.0
LAO,2012,6518978.0
LBN,2012,5235742.0
LBR,2012,4373043.0
LBY,2012,6179328.0
LKA,2012,21169458.0
LTU,2012,2989139.0
MAR,2012,33355241.0
MDA,2012,2860324.0
MDG,2012,23462438.0
MEX,2012,116818208.0
MKD,2012,1929821.0
MLI,2012,16957033.0
MMR,2012,49837446.0
MNG,2012,2839705.0
MOZ,2012,24337846.0
MRT,2012,3619034.0
MWI,2012,15709577.0
MYS,2012,29662831.0
NAM,2012,2194654.0
NER,2012,17836769.0
NGA,2012,176200625.0
NIC,2012,5901287.0
NLD,2012,16754962.0
NOR,2012,5018573.0
NZL,2012,4408100.0
OMN,2012,3547106.0
PAK,2012,207667125.0
PAN,2012,3759256.0
PER,2012,29550366.0
PHL,2012,100175512.0
PNG,2012,8081390.0
POL,2012,38063164.0
PRK,2012,25211728.0
PRT,2012,10514844.0
PRY,2012,5897008.0
QAT,2012,1722438.0
ROU,2012,20058035.0
RUS,2012,143378447.0
SAU,2012,26168861.0
SDN,2012,36923178.0
SEN,2012,13310495.0
SGP,2012,5312437.0
SLE,2012,6551080.0
SLV,2012,6113975.0
SRB,2012,7201497.0
SSD,2012,10756240.0
SVK,2012,5407579.0
SVN,2012,2057159.0
SWE,2012,9519374.0
SYR,2012,22759763.0
TCD,2012,13210998.0
TGO,2012,7100736.0
THA,2012,69436098.0
TJK,2012,8014084.0
TKM,2012,5808546.0
TUN,2012,11009647.0
TUR,2012,75175827.0
TZA,2012,47374260.0
UGA,2012,34337438.0
UKR,2012,46210056.0
URY,2012,3335401.0
USA,2012,314339099.0
UZB,2012,29261903.0
VEN,2012,29553826.0
VNM,2012,89510356.0
YEM,2012,28433647.0
ZAF,2012,53782567.0
ZMB,2012,14913629.0
ZWE,2012,13817887.0
AFG,2013,31622704.0
AGO,2013,26165620.0
ALB,2013,2816902.0
ARE,2013,7693031.0
ARG,2013,42582455.0
ARM,2013,3022000.0
AUS,2013,23128129.0
AUT,2013,8479823.0
AZE,2013,9416801.0
BEL,2013,11159407.0
BEN,2013,10708834.0
BFA,2013,17695409.0
BGD,2013,156532141.0
BGR,2013,7160005.0
BIH,2013,3610859.0
BLR,2013,9443211.0
BOL,2013,10682608.0
BRA,2013,198478299.0
BWA,2013,2140682.0
CAN,2013,35080992.0
CHE,2013,8089346.0
CHL,2013,17687006.0
CHN,2013,1363240000.0
CIV,2013,23939775.0
CMR,2013,21402376.0
COD,2013,75789395.0
COG,2013,4857099.0
COL,2013,46151584.0
CRI,2013,4716147.0
CUB,2013,11298167.0
CZE,2013,10514272.0
DEU,2013,80645605.0
DNK,2013,5614932.0
DOM,2013,10193833.0
DZA,2013,38414171.0
ECU,2013,15807128.0
EGY,2013,95333553.0
ESP,2013,46604197.0
ETH,2013,98438751.0
FIN,2013,5438972.0
FRA,2013,65997932.0
GAB,2013,1913059.0
GBR,2013,64139000.0
GEO,2013,3717668.0
GHA,2013,27386193.0
GIN,2013,11191873.0
GRC,2013,10965211.0
GTM,2013,15387337.0
HKG,2013,7178900.0
HND,2013,8889278.0
HRV,2013,4233922.0
HUN,2013,9872734.0
IDN,2013,255852467.0
IND,2013,1295829511.0
IRL,2013,4623816.0
IRN,2013,80414686.0
IRQ,2013,35281989.0
ISR,2013,8059500.0
ITA,2013,60311613.0
JAM,2013,2783687.0
JOR,2013,7991809.0
JPN,2013,127445000.0
KAZ,2013,17556502.0
KEN,2013,44986791.0
KGZ,2013,5777150.0
KHM,2013,15170208.0
KOR,2013,50428893.0
KWT,2013,3507844.0
LAO,2013,6611385.0
LBN,2013,5743436.0
LBR,2013,4470239.0
LBY,2013,6304628.0
LKA,2013,20585000.0
LTU,2013,2961250.0
MAR,2013,33787571.0
MDA,2013,2859558.0
MDG,2013,24109290.0
MEX,2013,118343573.0
MKD,2013,1922716.0
MLI,2013,17459615.0
MMR,2013,50262658.0
MNG,2013,2899011.0
MOZ,2013,25051611.0
MRT,2013,3734318.0
MWI,2013,16161816.0
MYS,2013,30174265.0
NAM,2013,2252508.0
NER,2013,18519898.0
NGA,2013,181049443.0
NIC,2013,5983845.0
NLD,2013,16804432.0
NOR,2013,5079623.0
NZL,2013,4442100.0
OMN,2013,3833913.0
PAK,2013,211073978.0
PAN,2013,3825329.0
PER,2013,29817919.0
PHL,2013,102076336.0
PNG,2013,8302698.0
POL,2013,38040196.0
PRK,2013,25329451.0
PRT,2013,10457295.0
PRY,2013,5982445.0
QAT,2013,1916426.0
ROU,2013,19983693.0
RUS,2013,143805638.0
SAU,2013,27624004.0
SDN,2013,37785849.0
SEN,2013,13710849.0
SGP,2013,5399162.0
SLE,2013,6714051.0
SLV,2013,6138839.0
SRB,2013,7166553.0
SSD,2013,11166275.0
SVK,2013,5413393.0
SVN,2013,2059953.0
SWE,2013,9600379.0
SYR,2013,21666917.0
TCD,2013,13691079.0
TGO,2013,7285442.0
THA,2013,69845114.0
TJK,2013,8216724.0
TKM,2013,5939341.0
TUN,2013,11141361.0
TUR,2013,76147624.0
TZA,2013,48824128.0
UGA,2013,35337042.0
UKR,2013,46126770.0
URY,2013,3345337.0
USA,2013,316726282.0
UZB,2013,29724065.0
VEN,2013,29912198.0
VNM,2013,90573104.0
YEM,2013,29312952.0
ZAF,2013,54678791.0
ZMB,2013,15398997.0
ZWE,2013,14013808.0
AFG,2014,32792523.0
AGO,2014,27160769.0
ALB,2014,2773767.0
ARE,2014,8059440.0
ARG,2014,43024071.0
ARM,2014,3013800.0
AUS,2014,23475686.0
AUT,2014,8546356.0
AZE,2014,9535079.0
BEL,2014,11209057.0
BEN,2014,11030004.0
BFA,2014,18229461.0
BGD,2014,157964929.0
BGR,2014,7073572.0
BIH,2014,3564829.0
BLR,2014,9448515.0
BOL,2014,10848888.0
BRA,2014,200085127.0
BWA,2014,2172044.0
CAN,2014,35434066.0
CHE,2014,8188649.0
CHL,2014,17864195.0
CHN,2014,1371860000.0
CIV,2014,24527395.0
CMR,2014,22059893.0
COD,2014,78403242.0
COG,2014,4975880.0
COL,2014,46565429.0
CRI,2014,4767119.0
CUB,2014,11285775.0
CZE,2014,10525347.0
DEU,2014,80982500.0
DNK,2014,5643475.0
DOM,2014,10315528.0
DZA,2014,39205031.0
ECU,2014,16035124.0
EGY,2014,97528654.0
ESP,2014,46460733.0
ETH,2014,101115610.0
FIN,2014,5461512.0
FRA,2014,66312067.0
GAB,2014,1978399.0
GBR,2014,64620000.0
GEO,2014,3719414.0
GHA,2014,28041592.0
GIN,2014,11472924.0
GRC,2014,10892413.0
GTM,2014,15681725.0
HKG,2014,7229500.0
HND,2014,9063122.0
HRV,2014,4201598.0
HUN,2014,9833038.0
IDN,2014,258877399.0
IND,2014,1312277191.0
IRL,2014,4657740.0
IRN,2014,81502045.0
IRQ,2014,36550059.0
ISR,2014,8215700.0
ITA,2014,60320707.0
JAM,2014,2793749.0
JOR,2014,8791710.0
JPN,2014,127276000.0
KAZ,2014,17816285.0
KEN,2014,46051440.0
KGZ,2014,5905848.0
KHM,2014,15396772.0
KOR,2014,50746659.0
KWT,2014,3665876.0
LAO,2014,6703172.0
LBN,2014,6346990.0
LBR,2014,4564293.0
LBY,2014,6427252.0
LKA,2014,20778000.0
LTU,2014,2937253.0
MAR,2014,34204780.0
MDA,2014,2857815.0
MDG,2014,24764348.0
MEX,2014,119784261.0
MKD,2014,1917557.0
MLI,2014,18020267.0
MMR,2014,50681634.0
MNG,2014,2963113.0
MOZ,2014,25788475.0
MRT,2014,3848514.0
MWI,2014,16621538.0
MYS,2014,30696137.0
NAM,2014,2312139.0
NER,2014,19215909.0
NGA,2014,185896915.0
NIC,2014,6066492.0
NLD,2014,16865008.0
NOR,2014,5137232.0
NZL,2014,4516500.0
OMN,2014,4002439.0
PAK,2014,214264647.0
PAN,2014,3892101.0
PER,2014,30115826.0
PHL,2014,103767130.0
PNG,2014,8523441.0
POL,2014,38011735.0
PRK,2014,25451262.0
PRT,2014,10401062.0
PRY,2014,6069811.0
QAT,2014,2151745.0
ROU,2014,19908979.0
RUS,2014,144237223.0
SAU,2014,28309273.0
SDN,2014,38823318.0
SEN,2014,14152102.0
SGP,2014,5469724.0
SLE,2014,6876385.0
SLV,2014,6162955.0
SRB,2014,7131787.0
SSD,2014,11235073.0
SVK,2014,5418649.0
SVN,2014,2061980.0
SWE,2014,9696110.0
SYR,2014,20273659.0
TCD,2014,14188678.0
TGO,2014,7472450.0
THA,2014,70216367.0
TJK,2014,8425552.0
TKM,2014,6075283.0
TUN,2014,11274288.0
TUR,2014,77181884.0
TZA,2014,50351512.0
UGA,2014,36395539.0
UKR,2014,45972380.0
URY,2014,3356334.0
USA,2014,319257560.0
UZB,2014,30222994.0
VEN,2014,30254079.0
VNM,2014,91679578.0
YEM,2014,30226309.0
ZAF,2014,55594838.0
ZMB,2014,15895315.0
ZWE,2014,14207359.0
AFG,2015,33831764.0
AGO,2015,28157798.0
ALB,2015,2731293.0
ARE,2015,8505237.0
ARG,2015,43477012.0
ARM,2015,3004600.0
AUS,2015,23815995.0
AUT,2015,8642699.0
AZE,2015,9649341.0
BEL,2015,11274196.0
BEN,2015,11360681.0
BFA,2015,18777487.0
BGD,2015,159383179.0
BGR,2015,6984225.0
BIH,2015,3518541.0
BLR,2015,9461076.0
BOL,2015,11014705.0
BRA,2015,201675532.0
BWA,2015,2203273.0
CAN,2015,35704498.0
CHE,2015,8282396.0
CHL,2015,18047625.0
CHN,2015,1379860000.0
CIV,2015,25246342.0
CMR,2015,22763414.0
COD,2015,81035531.0
COG,2015,5097581.0
COL,2015,46969940.0
CRI,2015,4818038.0
CUB,2015,11275065.0
CZE,2015,10546059.0
DEU,2015,81686611.0
DNK,2015,5683483.0
DOM,2015,10434829.0
DZA,2015,40019529.0
ECU,2015,16266225.0
EGY,2015,99597342.0
ESP,2015,46422303.0
ETH,2015,103867135.0
FIN,2015,5479531.0
FRA,2015,66548272.0
GAB,2015,2040989.0
GBR,2015,65088000.0
GEO,2015,3725276.0
GHA,2015,28696068.0
GIN,2015,11767070.0
GRC,2015,10820883.0
GTM,2015,15971743.0
HKG,2015,7291300.0
HND,2015,9237305.0
HRV,2015,4151725.0
HUN,2015,9797755.0
IDN,2015,261799249.0
IND,2015,1328024498.0
IRL,2015,4701957.0
IRN,2015,82619362.0
IRQ,2015,37560535.0
ISR,2015,8380100.0
ITA,2015,60229605.0
JAM,2015,2802534.0
JOR,2015,9544729.0
JPN,2015,127141000.0
KAZ,2015,18084169.0
KEN,2015,47088526.0
KGZ,2015,6040036.0
KHM,2015,15623251.0
KOR,2015,51014947.0
KWT,2015,3834574.0
LAO,2015,6801645.0
LBN,2015,6472469.0
LBR,2015,4659431.0
LBY,2015,6531819.0
LKA,2015,20970000.0
LTU,2015,2911109.0
MAR,2015,34607588.0
MDA,2015,2835978.0
MDG,2015,25426702.0
MEX,2015,121072306.0
MKD,2015,1912430.0
MLI,2015,18593022.0
MMR,2015,51089056.0
MNG,2015,3026864.0
MOZ,2015,26547572.0
MRT,2015,3965959.0
MWI,2015,17085587.0
MYS,2015,31232798.0
NAM,2015,2374300.0
NER,2015,19939498.0
NGA,2015,190671878.0
NIC,2015,6149417.0
NLD,2015,16939923.0
NOR,2015,5188607.0
NZL,2015,4609400.0
OMN,2015,4184895.0
PAK,2015,217290883.0
PAN,2015,3960035.0
PER,2015,30457600.0
PHL,2015,105312992.0
PNG,2015,8743246.0
POL,2015,37986412.0
PRK,2015,25575350.0
PRT,2015,10358076.0
PRY,2015,6159103.0
QAT,2015,2344557.0
ROU,2015,19815616.0
RUS,2015,144640716.0
SAU,2015,29816382.0
SDN,2015,40024431.0
SEN,2015,14593331.0
SGP,2015,5535002.0
SLE,2015,7037655.0
SLV,2015,6183676.0
SRB,2015,7095383.0
SSD,2015,11107561.0
SVK,2015,5423801.0
SVN,2015,2063531.0
SWE,2015,9799186.0
SYR,2015,19424618.0
TCD,2015,14647621.0
TGO,2015,7663195.0
THA,2015,70540795.0
TJK,2015,8643840.0
TKM,2015,6215770.0
TUN,2015,11402264.0
TUR,2015,78218479.0
TZA,2015,52020962.0
UGA,2015,37531446.0
UKR,2015,45784896.0
URY,2015,3368017.0
USA,2015,321815121.0
UZB,2015,30749346.0
VEN,2015,30573972.0
VNM,2015,92823254.0
YEM,2015,31159379.0
ZAF,2015,56723537.0
ZMB,2015,16399089.0
ZWE,2015,14399013.0
AFG,2016,34700612.0
AGO,2016,29183070.0
ALB,2016,2689469.0
ARE,2016,8935095.0
ARG,2016,43900313.0
ARM,2016,2992300.0
AUS,2016,24190907.0
AUT,2016,8736668.0
AZE,2016,9757812.0
BEL,2016,11331422.0
BEN,2016,11697842.0
BFA,2016,19334856.0
BGD,2016,160811932.0
BGR,2016,6894139.0
BIH,2016,3473003.0
BLR,2016,9469379.0
BOL,2016,11180020.0
BRA,2016,203218114.0
BWA,2016,2234776.0
CAN,2016,36110803.0
CHE,2016,8373338.0
CHL,2016,18267221.0
CHN,2016,1387790000.0
CIV,2016,25989405.0
CMR,2016,23454161.0
COD,2016,83956415.0
COG,2016,5222536.0
COL,2016,47437512.0
CRI,2016,4866998.0
CUB,2016,11265612.0
CZE,2016,10566332.0
DEU,2016,82348669.0
DNK,2016,5728010.0
DOM,2016,10551430.0
DZA,2016,40850721.0
ECU,2016,16505139.0
EGY,2016,101644589.0
ESP,2016,46458139.0
ETH,2016,106718162.0
FIN,2016,5495303.0
FRA,2016,66724104.0
GAB,2016,2100306.0
GBR,2016,65607000.0
GEO,2016,3727505.0
GHA,2016,29356742.0
GIN,2016,12073030.0
GRC,2016,10775971.0
GTM,2016,16268760.0
HKG,2016,7336600.0
HND,2016,9412380.0
HRV,2016,4106867.0
HUN,2016,9759755.0
IDN,2016,264627418.0
IND,2016,1343944296.0
IRL,2016,4762722.0
IRN,2016,83812228.0
IRQ,2016,38469627.0
ISR,2016,8546000.0
ITA,2016,60115223.0
JAM,2016,2809915.0
JOR,2016,10006367.0
JPN,2016,127076000.0
KAZ,2016,18363600.0
KEN,2016,48139687.0
KGZ,2016,6175338.0
KHM,2016,15852803.0
KOR,2016,51217803.0
KWT,2016,4004096.0
LAO,2016,6908802.0
LBN,2016,6323060.0
LBR,2016,4755608.0
LBY,2016,6632126.0
LKA,2016,21209000.0
LTU,2016,2877325.0
MAR,2016,35023457.0
MDA,2016,2803186.0
MDG,2016,26099952.0
MEX,2016,122251351.0
MKD,2016,1906313.0
MLI,2016,19191289.0
MMR,2016,51495696.0
MNG,2016,3088856.0
MOZ,2016,27337105.0
MRT,2016,4086657.0
MWI,2016,17557739.0
MYS,2016,31789685.0
NAM,2016,2439213.0
NER,2016,20685753.0
NGA,2016,195443700.0
NIC,2016,6232666.0
NLD,2016,17030314.0
NOR,2016,5234519.0
NZL,2016,4714100.0
OMN,2016,4390877.0
PAK,2016,220138869.0
PAN,2016,4029086.0
PER,2016,30866494.0
PHL,2016,106735719.0
PNG,2016,8961718.0
POL,2016,37970087.0
PRK,2016,25698326.0
PRT,2016,10325452.0
PRY,2016,6249126.0
QAT,2016,2477113.0
ROU,2016,19702267.0
RUS,2016,145015460.0
SAU,2016,30954198.0
SDN,2016,41259892.0
SEN,2016,15034521.0
SGP,2016,5607283.0
SLE,2016,7205328.0
SLV,2016,6200800.0
SRB,2016,7058322.0
SSD,2016,10830102.0
SVK,2016,5430798.0
SVN,2016,2065042.0
SWE,2016,9923085.0
SYR,2016,19193834.0
TCD,2016,15114655.0
TGO,2016,7858289.0
THA,2016,70859841.0
TJK,2016,8865631.0
TKM,2016,6360041.0
TUN,2016,11528674.0
TUR,2016,79277962.0
TZA,2016,53824013.0
UGA,2016,38799152.0
UKR,2016,45616832.0
URY,2016,3379283.0
USA,2016,324353340.0
UZB,2016,31284568.0
VEN,2016,30765720.0
VNM,2016,94000117.0
YEM,2016,32109010.0
ZAF,2016,57259551.0
ZMB,2016,16914423.0
ZWE,2016,14600294.0
AFG,2017,35688935.0
AGO,2017,30234839.0
ALB,2017,2648285.0
ARE,2017,9223225.0
ARG,2017,44288894.0
ARM,2017,2979400.0
AUS,2017,24592588.0
AUT,2017,8797566.0
AZE,2017,9854033.0
BEL,2017,11375158.0
BEN,2017,12039780.0
BFA,2017,19894407.0
BGD,2017,162186147.0
BGR,2017,6803468.0
BIH,2017,3428682.0
BLR,2017,9458989.0
BOL,2017,11344587.0
BRA,2017,204703445.0
BWA,2017,2266747.0
CAN,2017,36545075.0
CHE,2017,8451840.0
CHL,2017,18558868.0
CHN,2017,1396215000.0
CIV,2017,26733372.0
CMR,2017,24128601.0
COD,2017,87083398.0
COG,2017,5351011.0
COL,2017,48131078.0
CRI,2017,4913177.0
CUB,2017,11247829.0
CZE,2017,10594438.0
DEU,2017,82657002.0
DNK,2017,5764980.0
DOM,2017,10666843.0
DZA,2017,41689299.0
ECU,2017,16759519.0
EGY,2017,103696057.0
ESP,2017,46571232.0
ETH,2017,109666481.0
FIN,2017,5508214.0
FRA,2017,66918020.0
GAB,2017,2156900.0
GBR,2017,65966000.0
GEO,2017,3728004.0
GHA,2017,30008354.0
GIN,2017,12385659.0
GRC,2017,10754679.0
GTM,2017,16567357.0
HKG,2017,7393200.0
HND,2017,9588137.0
HRV,2017,4041407.0
HUN,2017,9726756.0
IDN,2017,267346658.0
IND,2017,1359657400.0
IRL,2017,4827445.0
IRN,2017,85026754.0
IRQ,2017,39337353.0
ISR,2017,8713300.0
ITA,2017,60002252.0
JAM,2017,2815764.0
JOR,2017,10234226.0
JPN,2017,126972000.0
KAZ,2017,18651931.0
KEN,2017,49197766.0
KGZ,2017,6306696.0
KHM,2017,16073372.0
KOR,2017,51361911.0
KWT,2017,4154812.0
LAO,2017,7018147.0
LBN,2017,6160128.0
LBR,2017,4848925.0
LBY,2017,6738770.0
LKA,2017,21453000.0
LTU,2017,2842639.0
MAR,2017,35446392.0
MDA,2017,2755189.0
MDG,2017,26788375.0
MEX,2017,123400057.0
MKD,2017,1898657.0
MLI,2017,19813011.0
MMR,2017,51894938.0
MNG,2017,3148917.0
MOZ,2017,28166393.0
MRT,2017,4210600.0
MWI,2017,18039715.0
MYS,2017,32355644.0
NAM,2017,2506853.0
NER,2017,21435446.0
NGA,2017,200254579.0
NIC,2017,6316231.0
NLD,2017,17131296.0
NOR,2017,5276968.0
NZL,2017,4813600.0
OMN,2017,4537396.0
PAK,2017,223273967.0
PAN,2017,4098707.0
PER,2017,31324637.0
PHL,2017,108119693.0
PNG,2017,9178714.0
POL,2017,37974826.0
PRK,2017,25817709.0
PRT,2017,10300300.0
PRY,2017,6338660.0
QAT,2017,2545820.0
ROU,2017,19588715.0
RUS,2017,145293260.0
SAU,2017,30977355.0
SDN,2017,42714306.0
SEN,2017,15475002.0
SGP,2017,5612253.0
SLE,2017,7379299.0
SLV,2017,6213533.0
SRB,2017,7020858.0
SSD,2017,10259154.0
SVK,2017,5439232.0
SVN,2017,2066388.0
SWE,2017,10057698.0
SYR,2017,19224668.0
TCD,2017,15622759.0
TGO,2017,8057140.0
THA,2017,71160187.0
TJK,2017,9085946.0
TKM,2017,6507061.0
TUN,2017,11650498.0
TUR,2017,80312698.0
TZA,2017,55652890.0
UGA,2017,40177388.0
UKR,2017,45436041.0
URY,2017,3388438.0
USA,2017,326608609.0
UZB,2017,31819178.0
VEN,2017,30565323.0
VNM,2017,95176977.0
YEM,2017,33090921.0
ZAF,2017,57635162.0
ZMB,2017,17441320.0
ZWE,2017,14812482.0
AFG,2018,36743039.0
AGO,2018,31297155.0
ALB,2018,2607733.0
ARE,2018,9346701.0
ARG,2018,44654882.0
ARM,2018,2969000.0
AUS,2018,24963258.0
AUT,2018,8840521.0
AZE,2018,9939771.0
BEL,2018,11427054.0
BEN,2018,12383347.0
BFA,2018,20438288.0
BGD,2018,163523103.0
BGR,2018,6710798.0
BIH,2018,3387000.0
BLR,2018,9438785.0
BOL,2018,11508368.0
BRA,2018,206107261.0
BWA,2018,2299141.0
CAN,2018,37072620.0
CHE,2018,8514329.0
CHL,2018,18893191.0
CHN,2018,1402760000.0
CIV,2018,27464173.0
CMR,2018,24806383.0
COD,2018,90047644.0
COG,2018,5483118.0
COL,2018,49024465.0
CRI,2018,4957818.0
CUB,2018,11227118.0
CZE,2018,10629928.0
DEU,2018,82905782.0
DNK,2018,5793636.0
DOM,2018,10782053.0
DZA,2018,42505035.0
ECU,2018,17049547.0
EGY,2018,105682094.0
ESP,2018,46782011.0
ETH,2018,112664152.0
FIN,2018,5515525.0
FRA,2018,67158348.0
GAB,2018,2212318.0
GBR,2018,66289000.0
GEO,2018,3726549.0
GHA,2018,30637585.0
GIN,2018,12704774.0
GRC,2018,10732882.0
GTM,2018,16845685.0
HKG,2018,7452600.0
HND,2018,9765210.0
HRV,2018,3988775.0
HUN,2018,9706964.0
IDN,2018,269951846.0
IND,2018,1374659064.0
IRL,2018,4898022.0
IRN,2018,86117998.0
IRQ,2018,40265624.0
ISR,2018,8882800.0
ITA,2018,60148658.0
JAM,2018,2820097.0
JOR,2018,10462306.0
JPN,2018,126811000.0
KAZ,2018,18932727.0
KEN,2018,50207107.0
KGZ,2018,6444079.0
KHM,2018,16274522.0
KOR,2018,51585058.0
KWT,2018,4323515.0
LAO,2018,7128045.0
LBN,2018,5984119.0
LBR,2018,4944726.0
LBY,2018,6849055.0
LKA,2018,21670000.0
LTU,2018,2819200.0
MAR,2018,35839760.0
MDA,2018,2707203.0
MDG,2018,27494926.0
MEX,2018,124573711.0
MKD,2018,1889051.0
MLI,2018,20442030.0
MMR,2018,52272247.0
MNG,2018,3208189.0
MOZ,2018,29018644.0
MRT,2018,4337685.0
MWI,2018,18528081.0
MYS,2018,32910967.0
NAM,2018,2577327.0
NER,2018,22188069.0
NGA,2018,204938755.0
NIC,2018,6400080.0
NLD,2018,17231624.0
NOR,2018,5311916.0
NZL,2018,4900600.0
OMN,2018,4597877.0
PAK,2018,226928892.0
PAN,2018,4167860.0
PER,2018,31897584.0
PHL,2018,109465287.0
PNG,2018,9394513.0
POL,2018,37974750.0
PRK,2018,25931147.0
PRT,2018,10283822.0
PRY,2018,6427382.0
QAT,2018,2580734.0
ROU,2018,19473970.0
RUS,2018,145398106.0
SAU,2018,30196281.0
SDN,2018,44230596.0
SEN,2018,15914498.0
SGP,2018,5638676.0
SLE,2018,7554563.0
SLV,2018,6219807.0
SRB,2018,6982604.0
SSD,2018,10122977.0
SVK,2018,5446771.0
SVN,2018,2073894.0
SWE,2018,10175214.0
SYR,2018,19577845.0
TCD,2018,16156531.0
TGO,2018,8258778.0
THA,2018,71376079.0
TJK,2018,9307333.0
TKM,2018,6655524.0
TUN,2018,11765514.0
TUR,2018,81407204.0
TZA,2018,57437145.0
UGA,2018,41565831.0
UKR,2018,45208907.0
URY,2018,3394534.0
USA,2018,328529577.0
UZB,2018,32373490.0
VEN,2018,29807592.0
VNM,2018,96237319.0
YEM,2018,34085182.0
ZAF,2018,58613001.0
ZMB,2018,17973569.0
ZWE,2018,15034452.0
AFG,2019,37856121.0
AGO,2019,32375632.0
ALB,2019,2567801.0
ARE,2019,9445785.0
ARG,2019,44973465.0
ARM,2019,2962500.0
AUS,2019,25334826.0
AUT,2019,8879920.0
AZE,2019,10024283.0
BEL,2019,11488980.0
BEN,2019,12726755.0
BFA,2019,20961952.0
BGD,2019,164913055.0
BGR,2019,6616726.0
BIH,2019,3345533.0
BLR,2019,9419758.0
BOL,2019,11671386.0
BRA,2019,207455459.0
BWA,2019,2332083.0
CAN,2019,37618495.0
CHE,2019,8575280.0
CHL,2019,19197744.0
CHN,2019,1407745000.0
CIV,2019,28193009.0
CMR,2019,25506095.0
COD,2019,92947442.0
COG,2019,5616661.0
COL,2019,49907985.0
CRI,2019,4999553.0
CUB,2019,11202846.0
CZE,2019,10671870.0
DEU,2019,83092962.0
DNK,2019,5814422.0
DOM,2019,10894043.0
DZA,2019,43294546.0
ECU,2019,17340021.0
EGY,2019,107553158.0
ESP,2019,47118501.0
ETH,2019,115737383.0
FIN,2019,5521606.0
FRA,2019,67382061.0
GAB,2019,2267706.0
GBR,2019,66631000.0
GEO,2019,3720161.0
GHA,2019,31258945.0
GIN,2019,13034346.0
GRC,2019,10721582.0
GTM,2019,17103803.0
HKG,2019,7507900.0
HND,2019,9943633.0
HRV,2019,3949390.0
HUN,2019,9694824.0
IDN,2019,272489381.0
IND,2019,1389030312.0
IRL,2019,4976456.0
IRN,2019,87051648.0
IRQ,2019,41192171.0
ISR,2019,9054000.0
ITA,2019,59729081.0
JAM,2019,2823271.0
JOR,2019,10671891.0
JPN,2019,126633000.0
KAZ,2019,19209555.0
KEN,2019,51202827.0
KGZ,2019,6590211.0
KHM,2019,16481304.0
KOR,2019,51764822.0
KWT,2019,4442316.0
LAO,2019,7237636.0
LBN,2019,5794594.0
LBR,2019,5043721.0
LBY,2019,6951033.0
LKA,2019,21803000.0
LTU,2019,2811089.0
MAR,2019,36210898.0
MDA,2019,2664224.0
MDG,2019,28219554.0
MEX,2019,125762982.0
MKD,2019,1876262.0
MLI,2019,21068405.0
MMR,2019,52640713.0
MNG,2019,3267673.0
MOZ,2019,29884380.0
MRT,2019,4467708.0
MWI,2019,19025752.0
MYS,2019,33440596.0
NAM,2019,2650494.0
NER,2019,22947757.0
NGA,2019,209485641.0
NIC,2019,6483657.0
NLD,2019,17344874.0
NOR,2019,5347896.0
NZL,2019,4970300.0
OMN,2019,4591241.0
PAK,2019,230800899.0
PAN,2019,4234700.0
PER,2019,32449303.0
PHL,2019,110804683.0
PNG,2019,9609010.0
POL,2019,37965475.0
PRK,2019,26037632.0
PRT,2019,10286263.0
PRY,2019,6515058.0
QAT,2019,2638657.0
ROU,2019,19371648.0
RUS,2019,145453291.0
SAU,2019,30063799.0
SDN,2019,45548175.0
SEN,2019,16352922.0
SGP,2019,5703569.0
SLE,2019,7731991.0
SLV,2019,6222318.0
SRB,2019,6945235.0
SSD,2019,10423384.0
SVK,2019,5454147.0
SVN,2019,2088385.0
SWE,2019,10278887.0
SYR,2019,20353534.0
TCD,2019,16685223.0
TGO,2019,8463068.0
THA,2019,71522271.0
TJK,2019,9529966.0
TKM,2019,6803944.0
TUN,2019,11875081.0
TUR,2019,82579440.0
TZA,2019,59174891.0
UGA,2019,42999637.0
UKR,2019,44957458.0
URY,2019,3397206.0
USA,2019,330226227.0
UZB,2019,32964701.0
VEN,2019,28938098.0
VNM,2019,97173776.0
YEM,2019,35111408.0
ZAF,2019,59587885.0
ZMB,2019,18513839.0
ZWE,2019,15271368.0
AFG,2020,39068979.0
AGO,2020,33451132.0
ALB,2020,2528480.0
ARE,2020,9401038.0
ARG,2020,45191965.0
ARM,2020,2961500.0
AUS,2020,25649248.0
AUT,2020,8916864.0
AZE,2020,10093121.0
BEL,2020,11538604.0
BEN,2020,13070169.0
BFA,2020,21478690.0
BGD,2020,166298024.0
BGR,2020,6550696.0
BIH,2020,3299349.0
BLR,2020,9379952.0
BOL,2020,11816299.0
BRA,2020,208660842.0
BWA,2020,2365894.0
CAN,2020,38028638.0
CHE,2020,8638167.0
CHL,2020,19370624.0
CHN,2020,1411100000.0
CIV,2020,28915449.0
CMR,2020,26210558.0
COD,2020,95989998.0
COG,2020,5752791.0
COL,2020,50629997.0
CRI,2020,5034320.0
CUB,2020,11176354.0
CZE,2020,10697858.0
DEU,2020,83160871.0
DNK,2020,5831404.0
DOM,2020,11008300.0
DZA,2020,44042091.0
ECU,2020,17546065.0
EGY,2020,109315124.0
ESP,2020,47359424.0
ETH,2020,118917671.0
FIN,2020,5529543.0
FRA,2020,67601110.0
GAB,2020,2322539.0
GBR,2020,66744000.0
GEO,2020,3722716.0
GHA,2020,31887809.0
GIN,2020,13371183.0
GRC,2020,10698599.0
GTM,2020,17357325.0
HKG,2020,7481000.0
HND,2020,10119640.0
HRV,2020,3914206.0
HUN,2020,9670419.0
IDN,2020,274814866.0
IND,2020,1402617695.0
IRL,2020,5039747.0
IRN,2020,87723443.0
IRQ,2020,42116605.0
ISR,2020,9215100.0
ITA,2020,59438851.0
JAM,2020,2830739.0
JOR,2020,10865228.0
JPN,2020,126261000.0
KAZ,2020,19482117.0
KEN,2020,52217334.0
KGZ,2020,6726596.0
KHM,2020,16725474.0
KOR,2020,51836239.0
KWT,2020,4400267.0
LAO,2020,7346533.0
LBN,2020,5702398.0
LBR,2020,5149463.0
LBY,2020,7045399.0
LKA,2020,21919000.0
LTU,2020,2810369.0
MAR,2020,36584208.0
MDA,2020,2635130.0
MDG,2020,28953556.0
MEX,2020,126799054.0
MKD,2020,1856124.0
MLI,2020,21713836.0
MMR,2020,53016522.0
MNG,2020,3327204.0
MOZ,2020,30783688.0
MRT,2020,4600131.0
MWI,2020,19533888.0
MYS,2020,33889558.0
NAM,2020,2728762.0
NER,2020,23717613.0
NGA,2020,213996181.0
NIC,2020,6565267.0
NLD,2020,17441500.0
NOR,2020,5379475.0
NZL,2020,5072400.0
OMN,2020,4522497.0
PAK,2020,235001746.0
PAN,2020,4293261.0
PER,2020,32838579.0
PHL,2020,112081264.0
PNG,2020,9815746.0
POL,2020,37515748.0
PRK,2020,26136312.0
PRT,2020,10297081.0
PRY,2020,6603739.0
QAT,2020,2794148.0
ROU,2020,19265250.0
RUS,2020,145245148.0
SAU,2020,31552510.0
SDN,2020,46789231.0
SEN,2020,16789219.0
SGP,2020,5685807.0
SLE,2020,7912558.0
SLV,2020,6234673.0
SRB,2020,6899126.0
SSD,2020,10698467.0
SVK,2020,5458827.0
SVN,2020,2102419.0
SWE,2020,10353442.0
SYR,2020,21049429.0
TCD,2020,17224679.0
TGO,2020,8669720.0
THA,2020,71641484.0
TJK,2020,9749310.0
TKM,2020,6949912.0
TUN,2020,11974057.0
TUR,2020,83384680.0
TZA,2020,60972798.0
UGA,2020,44457152.0
UKR,2020,44680014.0
URY,2020,3398968.0
USA,2020,331577720.0
UZB,2020,33586372.0
VEN,2020,28444077.0
VNM,2020,98079191.0
YEM,2020,36134863.0
ZAF,2020,60562381.0
ZMB,2020,19059395.0
ZWE,2020,15526888.0
AFG,2021,40000412.0
AGO,2021,34532429.0
ALB,2021,2489762.0
ARE,2021,9575152.0
ARG,2021,45312281.0
ARM,2021,2962300.0
AUS,2021,25685412.0
AUT,2021,8955797.0
AZE,2021,10137750.0
BEL,2021,11586195.0
BEN,2021,13413417.0
BFA,2021,21995243.0
BGD,2021,167658854.0
BGR,2021,6507301.0
BIH,2021,3244907.0
BLR,2021,9302585.0
BOL,2021,11937360.0
BRA,2021,209550294.0
BWA,2021,2401441.0
CAN,2021,38239864.0
CHE,2021,8704546.0
CHL,2021,19456334.0
CHN,2021,1412360000.0
CIV,2021,29639736.0
CMR,2021,26915758.0
COD,2021,99148932.0
COG,2021,5892183.0
COL,2021,51188173.0
CRI,2021,5059988.0
CUB,2021,11122168.0
CZE,2021,10505772.0
DEU,2021,83196078.0
DNK,2021,5856733.0
DOM,2021,11123476.0
DZA,2021,44761099.0
ECU,2021,17682454.0
EGY,2021,110957008.0
ESP,2021,47443821.0
ETH,2021,122138588.0
FIN,2021,5541017.0
FRA,2021,67842811.0
GAB,2021,2376722.0
GBR,2021,66984000.0
GEO,2021,3708610.0
GHA,2021,32518665.0
GIN,2021,13710513.0
GRC,2021,10569207.0
GTM,2021,17598650.0
HKG,2021,7413100.0
HND,2021,10289877.0
HRV,2021,3878981.0
HUN,2021,9630932.0
IDN,2021,276758053.0
IND,2021,1414203896.0
IRL,2021,5110585.0
IRN,2021,88455488.0
IRQ,2021,43071211.0
ISR,2021,9371400.0
ITA,2021,59133173.0
JAM,2021,2837682.0
JOR,2021,11066356.0
JPN,2021,125681593.0
KAZ,2021,19743603.0
KEN,2021,53219166.0
KGZ,2021,6851224.0
KHM,2021,16974305.0
KOR,2021,51769539.0
KWT,2021,4360865.0
LAO,2021,7453194.0
LBN,2021,5718122.0
LBR,2021,5259323.0
LBY,2021,7135175.0
LKA,2021,22156000.0
LTU,2021,2808380.0
MAR,2021,36954442.0
MDA,2021,2595809.0
MDG,2021,29691083.0
MEX,2021,127648148.0
MKD,2021,1837114.0
MLI,2021,22388630.0
MMR,2021,53387102.0
MNG,2021,3383741.0
MOZ,2021,31707800.0
MRT,2021,4734874.0
MWI,2021,20047258.0
MYS,2021,34282399.0
NAM,2021,2810548.0
NER,2021,24502140.0
NGA,2021,218529286.0
NIC,2021,6644741.0
NLD,2021,17533044.0
NOR,2021,5408320.0
NZL,2021,5084600.0
OMN,2021,4500424.0
PAK,2021,239477801.0
PAN,2021,4345405.0
PER,2021,33155882.0
PHL,2021,113100950.0
PNG,2021,10012896.0
POL,2021,36981559.0
PRK,2021,26232534.0
PRT,2021,10361831.0
PRY,2021,6684182.0
QAT,2021,2504910.0
ROU,2021,19122059.0
RUS,2021,144746762.0
SAU,2021,30784383.0
SDN,2021,48066924.0
SEN,2021,17220867.0
SGP,2021,5453566.0
SLE,2021,8094602.0
SLV,2021,6255782.0
SRB,2021,6834326.0
SSD,2021,10865780.0
SVK,2021,5447247.0
SVN,2021,2108079.0
SWE,2021,10415811.0
SYR,2021,21628839.0
TCD,2021,17828273.0
TGO,2021,8878379.0
THA,2021,71727332.0
TJK,2021,9966908.0
TKM,2021,7092043.0
TUN,2021,12048622.0
TUR,2021,84147318.0
TZA,2021,62830412.0
UGA,2021,45910930.0
UKR,2021,44298640.0
URY,2021,3396695.0
USA,2021,332099760.0
UZB,2021,34243696.0
VEN,2021,28237826.0
VNM,2021,98935098.0
YEM,2021,37140230.0
ZAF,2021,61502603.0
ZMB,2021,19603607.0
ZWE,2021,15797210.0
AFG,2022,40578842.0
AGO,2022,35635029.0
ALB,2022,2451636.0
ARE,2022,10074977.0
ARG,2022,45407904.0
ARM,2022,2969200.0
AUS,2022,26018721.0
AUT,2022,9041851.0
AZE,2022,10141756.0
BEL,2022,11680210.0
BEN,2022,13759501.0
BFA,2022,22509038.0
BGD,2022,169384897.0
BGR,2022,6465097.0
BIH,2022,3204802.0
BLR,2022,9228071.0
BOL,2022,12077154.0
BRA,2022,210306415.0
BWA,2022,2439892.0
CAN,2022,38935934.0
CHE,2022,8777088.0
CHL,2022,19553036.0
CHN,2022,1412175000.0
CIV,2022,30395002.0
CMR,2022,27632771.0
COD,2022,102396968.0
COG,2022,6035104.0
COL,2022,51737944.0
CRI,2022,5081765.0
CUB,2022,11059820.0
CZE,2022,10672118.0
DEU,2022,83177813.0
DNK,2022,5903037.0
DOM,2022,11230734.0
DZA,2022,45477389.0
ECU,2022,17823897.0
EGY,2022,112618250.0
ESP,2022,47786102.0
ETH,2022,125384287.0
FIN,2022,5556106.0
FRA,2022,68184457.0
GAB,2022,2430747.0
GBR,2022,67604000.0
GEO,2022,3712502.0
GHA,2022,33149152.0
GIN,2022,14055137.0
GRC,2022,10436882.0
GTM,2022,17847877.0
HKG,2022,7346100.0
HND,2022,10463872.0
HRV,2022,3855641.0
HUN,2022,9605074.0
IDN,2022,278830529.0
IND,2022,1425423212.0
IRL,2022,5212836.0
IRN,2022,89524246.0
IRQ,2022,44070551.0
ISR,2022,9557500.0
ITA,2022,59013667.0
JAM,2022,2839144.0
JOR,2022,11256263.0
JPN,2022,125124989.0
KAZ,2022,20034609.0
KEN,2022,54252461.0
KGZ,2022,6975220.0
KHM,2022,17201724.0
KOR,2022,51672569.0
KWT,2022,4589643.0
LAO,2022,7559007.0
LBN,2022,5744489.0
LBR,2022,5373294.0
LBY,2022,7223805.0
LKA,2022,22181000.0
LTU,2022,2831639.0
MAR,2022,37329064.0
MDA,2022,2528654.0
MDG,2022,30437261.0
MEX,2022,128613117.0
MKD,2022,1831712.0
MLI,2022,23072640.0
MMR,2022,53756787.0
MNG,2022,3433748.0
MOZ,2022,32656246.0
MRT,2022,4875637.0
MWI,2022,20568728.0
MYS,2022,34695493.0
NAM,2022,2889662.0
NER,2022,25311973.0
NGA,2022,223150896.0
NIC,2022,6730654.0
NLD,2022,17700982.0
NOR,2022,5457127.0
NZL,2022,5081700.0
OMN,2022,4730226.0
PAK,2022,243700667.0
PAN,2022,4400773.0
PER,2022,33475438.0
PHL,2022,113964338.0
PNG,2022,10203169.0
POL,2022,36821749.0
PRK,2022,26328845.0
PRT,2022,10434332.0
PRY,2022,6760464.0
QAT,2022,2657333.0
ROU,2022,19048502.0
RUS,2022,144236933.0
SAU,2022,32175224.0
SDN,2022,49383346.0
SEN,2022,17651103.0
SGP,2022,5637022.0
SLE,2022,8276807.0
SLV,2022,6280319.0
SRB,2022,6664449.0
SSD,2022,11021177.0
SVK,2022,5431752.0
SVN,2022,2112076.0
SWE,2022,10486941.0
SYR,2022,22462173.0
TCD,2022,18455316.0
TGO,2022,9089738.0
THA,2022,71735329.0
TJK,2022,10182222.0
TKM,2022,7230193.0
TUN,2022,12119334.0
TUR,2022,84979913.0
TZA,2022,64711821.0
UGA,2022,47312719.0
UKR,2022,41048766.0
URY,2022,3390913.0
USA,2022,334017321.0
UZB,2022,34938955.0
VEN,2022,28213017.0
VNM,2022,99680655.0
YEM,2022,38222876.0
ZAF,2022,62378410.0
ZMB,2022,20152938.0
ZWE,2022,16069056.0
